channel_name,par_q,avg_err_q,par_a,avg_err_a,par_c,avg_err_cacademia,"[  5.40655449e+00   3.43640010e-02   2.05803670e+00  -1.57043384e+00
  -1.15668391e+00   2.88730760e+00   1.94322029e+00   1.55125792e-03
  -3.73014014e-01   5.09399188e+00]",27.10880471,"[  1.12357057e+01   5.12518999e-04  -6.41302346e-01   5.46881942e+00
   3.50399510e-04   1.20040827e+01  -2.92960970e+00   2.90221660e+01
   9.98600920e-01   8.67665061e+00]",30.88947938,"[ 9.03878667  1.7712401  -0.13328759  0.70191024 -0.04167338  2.24168316
  0.78536076  0.2106375   0.11691904 -0.1726858 ]",34.50727019android,"[ 4.47876682  0.22520698 -0.6409732  -0.59428126 -0.0095792   4.42244114
 -1.40655898 -0.00511728  2.74237102 -0.98317522]",27.2579216,"[  1.18783141e+01   6.47377501e-01   3.10080856e-01   3.52228529e+00
   3.40381014e-04  -6.30448878e-01   5.10374374e+00   5.08968155e+00
   9.56556686e-01   5.79153944e+00]",34.41778911,"[  1.24742332e+01   2.23168355e-06  -8.95554509e-01   4.32719423e+00
   1.25194933e+00   1.35013188e-01   7.89091778e+00   7.91025781e-02
  -8.06183481e-01  -2.34319238e-01]",42.31117026anime,"[  7.02677569e+00   2.36887472e-04   1.80376516e+00  -3.63536032e+00
   2.04891187e-02   4.48214120e+00  -1.24850122e+00  -1.81169634e-03
   7.12608392e+00  -1.75713391e+00]",26.79447433,"[ 6.61885655  0.09635589  2.27195754 -0.92139008  0.91037626  0.9116816
  2.16980333 -0.20765143  2.7945694   1.09010294]",48.06481495,"[ 15.82600918   0.04493771  -0.23406995   5.08756882  -0.04964706
   2.16122496   0.92163456   1.90685129   3.2116025    0.86349522]",51.58916657apple,"[ 4.56985255  0.36959466 -0.19318239  0.28167003 -0.39277164  2.58334615
  0.96018306  0.09892089  0.31293446  3.04183707]",24.67349541,"[  9.85376747e+00   1.56139196e-04  -7.54602060e-01   4.03373775e+00
   1.22405984e+00   6.08067497e-01   1.53889915e+00   6.12764731e-03
  -4.27868877e-01   3.08764178e+00]",24.79320754,"[  1.46942053e+01   4.11303590e-02  -4.72312948e-01   3.65389543e+00
   1.25480144e-02   1.94047733e+00  -2.03066067e+00   1.14924396e-02
  -9.05010418e-01   4.97194910e-01]",28.04066679arduino,"[  6.00545491e+00   3.05921272e-02   4.14904244e+00  -1.68277413e+00
  -7.60139450e-04  -4.20281356e-01   6.61368130e+00  -9.32054697e-03
   2.47846646e+00  -1.21886679e+00]",20.06012694,"[ 6.49479601  0.1372927   0.77825861  0.7334267   0.0884728   1.54565608
  0.18691286  0.08712096  1.03653454  0.57851835]",inf,"[ 22.53608548   1.0576319    0.47288874   2.62200712   0.59092659
   2.82166816  -0.19379539   0.29982476   5.30622829   2.47266626]",41.33945057astronomy,"[  5.69250729e+00   1.33104097e-04  -8.06454507e-01   3.31279473e+00
   1.10549257e-02   2.77596251e+00  -1.72636704e+00  -1.90383533e-01
   3.20244300e+00   5.52178294e-01]",15.6432921,"[  7.16250274e+00   2.30173171e-03  -6.15077195e-01   3.65739316e+00
   3.92209828e-01   4.21123530e-01   2.57749494e+00  -3.70336636e-01
   2.29218751e+00   1.72471163e+00]",46.77767883,"[  1.71963951e+01  -5.87523649e-01   1.63830529e+00   3.34598207e+00
   1.12437014e-04  -7.82384099e-01   4.82173445e+00   1.64692258e+00
   4.76308461e-01   5.78268364e+00]",57.00861785aviation,"[ 5.93764553  0.01048976  3.8299403  -1.67602568  0.60031654  3.58273348
  1.67580524  0.08793316  1.37526202  2.01883405]",24.94852644,"[ 10.54267551  13.16450965   0.84330954   5.80321442  16.1189875
   7.22665175   1.55104868   0.02632386   0.79581077   0.08472297]",33.12606283,"[ 32.64600374  -0.06946775  -0.14243422   8.8019624   -4.82211114
   6.32256033   4.16399905   3.64358558   1.4335995    1.77453236]",35.58505119avp,"[  5.48664402e+00  -6.08168213e+00   7.83997505e-01   1.33097666e+01
   3.57270994e-01   2.76493648e+00   1.04771269e+00   5.94572091e-07
   4.41338890e+00  -5.97055358e+00]",10.71407163,"[  5.70029519e+00   2.17101521e+00   1.63355712e+00   3.75772698e-01
  -1.85351539e+00   2.15942238e+00   1.06895088e+00  -3.51027986e-05
  -8.44233970e-01   3.52027478e+00]",35.55246406,"[ 12.99093223   0.97632399   1.23882452   0.26329722  -1.24167188
   1.04245297   0.22310007   0.49901252   3.04660163  -0.52309651]",infbeer,"[  1.04511524e+01   6.22302092e-01   2.25818479e-01  -1.35110351e+00
  -3.59313634e-03   6.43220770e+00  -3.11716996e+00  -1.19733830e-01
   1.53903775e-02   4.02938655e+00]",8.337795424,"[ 9.00506662  4.20051511  0.60795581  0.40555754 -3.26537259  1.69125817
  0.68056679 -4.19600344  2.64878216  2.37682695]",8.752509403,"[ 17.19067638  12.83809948   1.18694472   0.77585086   2.83952107
   0.77894825   1.87063365 -13.06141866   3.10234502   1.01564572]",12.63737013bicycles,"[  5.91651151e+00   8.24868263e-06  -8.76027672e-01   3.40265089e+00
   2.46477574e-03   2.07893406e+00  -1.98711040e+00  -4.97983061e-01
   2.70291660e+00   2.18442863e+00]",16.9920801,"[  12.15396869   37.96235739    0.90289875    6.07295015  142.71779354
    8.11224792    1.84005035   -0.673429      3.30395778    0.42600542]",36.94920732,"[  1.26535582e+01   1.97107790e+00   4.03196989e-01  -2.85529176e-01
  -2.05673203e+00   4.22584234e+00   2.33284598e+00   6.86900213e-06
   6.60670263e+00  -5.12242006e+00]",40.08577948biology,"[  5.93706443e+00   2.96757324e-02  -8.85514530e-01  -3.02950434e-01
   1.78333912e-04   3.12905137e+00  -3.40458650e+00   4.06761037e-04
   2.59926809e+00  -2.43259750e+00]",26.22232133,"[  5.92081478e+00   5.31786923e-05  -6.87394423e-01   5.88300254e+00
   9.23439552e-02   4.33187104e+00  -8.72812330e-01   1.09025816e-01
   7.85530757e-01   2.71533364e+00]",inf,"[ 15.19862945  -1.01691894   2.42252315   2.51940385  -2.07793031
   2.20473024   1.51116813   0.13369704  -0.87887162  -0.54108544]",infbitcoin,"[ 4.71188371  0.23296279  2.43640794 -0.68696049  0.3519411   0.46688785
  1.97356253 -0.05520584  2.95388648 -0.42042742]",28.24640554,"[ 5.96765256  0.26502816  1.93344721 -0.59071547  0.31398658  0.13162604
  0.6947876  -0.01156911  3.76715442 -1.30490072]",44.26645605,"[  1.21619622e+01   9.99307483e-01   1.97251920e+00   3.37584031e-01
   2.46627866e+00   1.94964963e+00   1.29734566e+00   8.97172783e-03
  -5.14844172e-01   3.32631452e+00]",51.48000439blender,"[  4.40848931e+00   1.42408854e-02   6.97385103e+00  -1.92437048e+00
  -3.72113249e-03   7.37876108e+00  -1.92295870e+00   1.00172614e+00
   1.61311711e+00   2.24277768e+00]",29.82747883,"[  6.52712612e+00   1.12504410e-03  -5.45574289e-01   5.52421034e+00
   6.87526251e-02   2.41094940e+00  -9.69340838e-01   4.23742500e-01
   1.03668733e+00   3.12221542e+00]",35.14878556,"[ 5.92614916  1.26051403  0.19186978  1.49330479  0.12555664  1.72337298
  1.41288944  0.20901803  2.21763479 -0.62130467]",36.51097206boardgames,"[ 5.86627291 -3.62511653  0.90118392  4.98007876  0.02161105 -0.89616263
 -0.24897584 -0.12082995  1.79205268  1.63007886]",17.23555152,"[  8.44146761e+00  -1.18565757e+01   1.43298202e+00   2.37938584e+00
   1.12477511e-01  -9.95727788e-01  -6.81911851e-01  -5.39994604e-03
   9.45077809e-01  -1.12155193e+00]",40.70091836,"[ 16.4208832   -0.44389977   2.12504213   2.35016639  -1.58091693
   3.8502887    2.65800389   0.10192713  -0.68062222   0.01888117]",77.42857283bricks,"[ 6.16666693 -5.02327061  2.58221946  0.6682393  -4.49517293  1.29397102
  2.05690113  2.96917634  2.19849444  0.93976308]",9.336707024,"[  5.95165333e+00   3.98274648e-02   2.19910070e+00   2.82576014e-01
  -9.54373073e+00   5.92162859e+00   5.05258486e+00   4.03382048e-04
   5.41157000e+00  -3.80964802e+00]",61.79176391,"[  8.59273788e+00   8.35648046e-01   1.79086988e+00  -1.07142551e+00
  -6.90680023e+00   8.64365726e+00   3.94785876e+00   1.07495437e-06
   5.34167527e+00  -6.12330761e+00]",31.78499707buddhism,"[  5.74937691e+00  -9.66410761e-03  -7.02223160e-01   1.64787265e+00
   1.57092728e+00   1.64823721e+00   2.00035767e+00   7.34654641e-04
  -4.79475961e-01   5.39967667e+00]",22.66094861,"[ 11.82250937  -0.96301047   0.80170033   2.44286461   2.31610414
   0.94490783   1.77351808  -1.21228059   5.07905289   3.89884121]",37.88627303,"[  14.71731743  734.51877643    4.28088709    3.44112536  589.47511192
    7.63757013    2.47967216   16.7044434    66.41073403   93.32760313]",52.45923119chemistry,"[  4.86677372e+00   6.16690530e-02   4.12421606e+00  -1.23380688e+00
   5.87313498e-01   2.99079538e+00   1.76313656e+00   4.37350203e-03
   3.94070692e+00  -1.04508804e+00]",26.02357752,"[ 4.99707493  0.94694679  0.58925574  2.28149597  0.03053349  2.27390886
 -1.5756484   0.13200322  2.25066288  0.81585945]",40.26309303,"[ 9.57404737  1.47644454  0.56979522  2.15166291  0.08178249  3.28094982
 -1.34598415  0.17857863  3.32816441 -0.5441517 ]",41.91542229chess,"[  5.47494007e+00  -6.09490659e+00   4.26553303e+00   5.19787197e+00
   8.39542591e-05   5.00297630e+00  -4.47749090e+00  -8.53458264e-06
   8.68829275e+00  -4.48200806e+00]",10.3744185,"[  7.12271646e+00   2.15324359e+00   2.94538421e-01  -1.31485506e-03
  -2.36495729e+00   1.46303179e+00   8.36572681e-01  -1.78933496e+00
   1.55366913e+00   1.65738782e+00]",43.51635068,"[  1.67758798e+01   1.29606998e+00   3.21985549e+00  -2.76685052e-01
  -4.55222721e+00   1.96767668e+00   1.69279474e+00  -3.84831887e-05
   2.34564839e+00  -5.24325647e+00]",32.07597292chinese,"[ 6.04347786 -0.90809909  3.03603234  0.92426864  0.06394664  0.09013096
  2.99189909  0.15036975  2.25000978  0.75005542]",17.22071528,"[ 11.67553422   0.85962529   0.16259198   3.10530787  -0.2348111
   0.41451707   2.83950157   0.02753207  -0.27356828   1.18528412]",36.65572968,"[ 20.38574774  -0.31881406   1.28489421  -1.4274303   -2.35842686
   5.56717619   5.36977705   0.26755491  -0.63060065  -0.49862929]",49.28533454christianity,"[ 5.12070599  0.51585453  0.56841987  1.90797847  0.23946323  1.5429012
  0.30199725 -0.06258078  2.05874047  0.82590127]",24.48214411,"[  9.59560425e+00   7.05609216e-02  -3.43347374e-01   4.96007826e+00
   1.71121390e-02   2.91676984e+00  -2.07012643e+00  -1.40124998e-03
   2.99806031e+00  -2.39212928e+00]",38.66652211,"[ 13.37480792   1.14446389  -0.12532379   3.99115712   0.47780914
   0.97348785   1.43523518   0.32916299   0.9566079   -0.17199411]",44.64048674codegolf,"[  5.70903141e+00   1.31611096e+00   3.02552978e+00   1.17274835e+00
   1.06440799e+00   4.42241244e+00   1.96371577e+00  -7.12763897e-06
   3.09534238e+00  -3.60074336e+00]",17.53970833,"[  3.82596741e+01  -1.53717976e+02   8.22355427e+01   2.76335555e+02
   8.92516652e-02  -8.37157565e-01  -2.27456894e-01   4.58624295e+02
   2.39028164e+02   6.43829724e+02]",38.52027395,"[ 6.353858    1.41182151  0.7017899   0.50525913  0.56479412  1.46214804
  1.06461089  0.71007808  1.54656652 -0.17726633]",51.64633805codereview,"[ 3.71904384  0.4087109   0.84171137  0.15886233  0.786829    0.86063299
  2.68030843  0.03526288  0.31344838  2.32673043]",31.22326613,"[  5.05844323e+00   1.45213820e-03  -6.92280133e-01   3.61235034e+00
   1.08168956e-02   4.95298879e+00  -1.98953769e+00   2.51640297e-05
  -8.50806823e-01   3.30086143e+00]",34.02559133,"[ 5.71613759  1.26529154  0.56956267  1.28720773  1.46875705  0.58222854
  0.80438052  0.20009598 -0.11020094  3.35083695]",41.06960494coffee,"[ 7.36800863  0.95459739  2.06857318 -0.10210434 -0.41186282  2.19713516
  1.47144025 -1.39853352  0.94466989  2.2977438 ]",9.497004073,"[ 5.03357718  3.13306168  1.88995447 -0.03710055 -2.85668965 -0.06199504
 -0.63571212  2.00918096  3.3610675  -0.25083784]",18.65268472,"[  2.34025891e+01  -4.40463419e+00   5.55724777e+00   3.36251623e+00
  -6.17210102e+00   5.58966957e+00   4.32858594e+00   1.66457276e-04
   2.04890682e+00  -4.62859502e+00]",40.20129459cogsci,"[  5.69744905e+00   2.77023356e+01   8.46909476e+00   1.35967436e+00
  -1.38487208e-02   3.48136282e+00  -2.16608691e+00   5.59264321e-05
   3.39970158e+00  -4.10536651e+00]",13.88264591,"[  4.56620590e+00  -1.38502793e-05   1.41120894e+01  -4.00907872e+00
   2.41573916e-01   8.70332332e-01  -8.21046158e-01  -1.27603147e+00
   5.51442016e+00   1.29961444e+00]",inf,"[ 12.73897874  -1.55217342   1.97859639   1.63207495   1.14823501
   0.35392204   1.53852608   1.46995586   2.18464978   0.80198594]",63.29112099cooking,"[  5.61157217e+00   9.95115374e-04   3.88727151e+00  -2.79122716e+00
   1.46267430e-01   6.62897436e-02   9.45118197e-01  -4.28628878e+00
   2.39567215e+00   3.03781193e+00]",26.31990085,"[ 10.87836731  -8.59718285   1.67238512   3.1215954    0.32747256
  -0.41706127   0.13308225  -9.79504665   2.68324076   2.46775423]",34.27126721,"[ 20.52817914   0.37002768  -0.93749958  -0.75790061  -5.77188959
   6.50536532   7.98006595   5.58443133   0.68073532   5.46936752]",42.11043391craftcms,"[ 8.99602124 -0.27622417  0.36577595  1.5732798   0.44896706  0.19407989
  4.04617951  0.64452614  1.82790417  2.78289359]",32.81134232,"[ 9.28020381  0.11152998 -0.21744534  4.87500226 -0.34387905  0.95365657
  1.49745175  2.8815163   2.81345141  2.89847704]",43.46816612,"[  1.89187986e+01   1.09320259e-04  -7.37386144e-01   5.36222059e+00
   5.59904573e-04  -5.75020537e-01   2.56299051e+00   5.45247696e-04
  -6.43433799e-01   5.02309166e+00]",55.51049818crypto,"[  6.21474334e+00   2.88431127e-02  -7.75435967e-01  -8.17151623e-01
  -9.75088112e-03   5.39052043e-01   7.00187322e-01   8.67936070e-04
  -5.23792612e-01   2.67488111e+00]",22.21528088,"[  7.49252147e+00   9.25581169e-05  -7.88323611e-01   3.78161199e+00
   9.27124645e-01   9.19793195e-01   2.05835410e+00  -2.87840157e-01
   2.78287231e+00   1.43159431e+00]",40.09113241,"[  2.75000252e+01   8.91634303e-01   1.13176435e-01   1.54425321e+00
  -1.55404337e+00   4.64787857e+00   2.36207764e+00   5.36487283e-05
  -9.16883741e-01   2.03404531e+00]",49.6447141cs,"[ 5.48699733  0.48045124  1.97723003 -0.15774099 -0.18312936  3.95533784
 -0.15941281  0.01899442  0.07964573  2.46147843]",27.46754249,"[  7.95588163e+00   7.96175933e-06  -6.57572389e-01   8.76029598e+00
   1.00682707e+00   4.63291120e+00   4.33617535e+00   4.55411833e+00
   6.84365076e+00   1.62251515e+00]",37.05862964,"[  2.32856113e+01   9.84969680e-01  -3.78927476e-02   6.27050564e+00
  -3.30868845e+00   5.03424951e+00   3.40588926e+00   7.38220191e-07
   8.36993185e+00  -5.50632603e+00]",37.17884096cstheory,"[ 6.23517873 -0.27956749  0.76712042  1.73518594  0.78008074  1.5196235
  1.59706156 -0.01068854  1.79802576  2.09502758]",19.83130493,"[ 6.05891005 -7.11547381  2.86738664  2.2346321   0.19648019 -0.68856632
 -0.47293668 -0.11533736  1.11666608  1.9116081 ]",inf,"[ 24.23520055   3.30371528   0.1102743   26.17105355  -2.2580522
   4.89015962   3.59495385  13.26127427   7.68581064   0.95832912]",41.46199038datascience,"[  5.44310183e+00  -2.77678226e-01  -3.53227160e-01   2.40568503e-01
   6.22505160e+00   3.16483710e+00   1.46028408e+00   2.39398652e-03
  -4.01934285e-01   5.84206922e+00]",9.090234246,"[  5.86781646e+00  -1.11999885e-01   6.08837734e+00  -1.87055329e+00
   2.18608655e+00   2.42019927e+00   4.14276591e-01   1.62841214e-03
   2.95531142e+00  -3.72663992e+00]",inf,"[ 10.55128837  -8.02295183   4.9500914   -0.26282108   1.28013136
  -0.7948446   -0.98385822   3.8528487    7.93431368   3.47843425]",68.50092093dba,"[ 7.48799339  0.18204794 -0.17274078  6.37437215 -0.19369529  0.3270286
  0.94147976  0.28777696  1.5897961   1.83835588]",45.49639603,"[ 18.75326754   8.23129854   0.15375258  16.93093507   0.05118629
  -0.0706862   15.30572202 -22.93181494   4.97559969   2.56281947]",43.73140088,"[  3.26436811e+01   1.82840728e+01   4.44422921e-02   5.07646996e+01
   1.78486295e+00   3.27682079e-01   5.08302263e+01   1.20594048e+01
   5.62378181e-02   7.76871343e+01]",55.01745214diy,"[ 4.6349293   0.5270841   0.73799083  0.10728354 -9.71828652  2.1077028
  3.65663134 -2.70361486  3.3036912   3.72448363]",28.5765828,"[  9.71441840e+00   3.93523032e+00   1.40488303e+00   1.57549572e+00
   6.39345525e-02   1.02682619e+00  -6.69676028e-01  -3.55995587e-04
   6.95780158e+00  -2.49601963e+00]",33.41150078,"[ 10.61379645   2.46130452   0.4298791    0.89861066  -0.8168209
   2.36235296   1.49131634   0.31903964   0.1801778    1.36597374]",40.12788916drupal,"[ 7.85719143  1.44632226  0.10142829  6.96328465  0.01558122 -0.31481551
  3.16496527 -0.01762685  0.4670216   0.59850959]",36.01246683,"[ 5.51098767  0.60119708  0.3542717   2.5344921   0.27921371 -0.14699021
  3.47612886  0.38054467  1.72580296  2.29058599]",37.31638651,"[  6.42941148e+00   3.51012366e-01  -1.33394969e-01   5.00896412e+00
   5.45153369e-06  -8.06162303e-01   5.89175414e+00   3.78107339e-02
  -1.85188655e-01   1.00744489e+01]",44.53606516dsp,"[  6.20728187e+00   3.95187610e-06   7.82927575e+00  -4.86320662e+00
  -7.25564936e-07   1.44126836e+00  -6.65278560e+00   2.87025045e-01
   4.12826785e-01   7.12782286e+00]",24.01801153,"[ 7.15402848 -0.13851582  5.76683611 -0.46392955  0.05341383 -0.99994349
 -0.94112323  0.56257291  0.50297665  5.85516412]",48.21212456,"[  2.02522824e+01  -5.95854169e+00   1.57821015e+00   1.82509385e+01
   2.88177120e-01   9.24764930e-03   2.46827727e+01   4.58882350e+01
   1.39525588e+00   5.30216516e+00]",53.36897056earthscience,"[ 6.01992634 -1.64041241  1.35662381  1.86118501  0.25432413  0.15699336
  0.14769323 -0.53602935  1.51590704  2.09990157]",17.48616782,"[  5.37314989  -6.19658856   1.33539454   3.31525164  -5.18578564
   1.43815402   3.3937694    6.46816702   0.26452669  13.00643878]",inf,"[ 15.56916549  -3.45351209   2.7162894    7.51313242  -5.68304836
   5.34498362   7.53620911   0.16258962  -0.62043583  -0.04348541]",103.960698ebooks,"[ 5.49998848 -6.06185301  0.4959855   1.22651866  6.45467593  0.43244726
  1.71362728 -3.96976486  0.92525128  3.95618676]",3.673578765,"[  8.53737469e+00  -1.65829004e+00   2.14933213e-01   2.47143544e+00
   5.89869268e-03  -6.02559951e-01   4.63902046e+00  -1.24712085e+00
   3.05879959e+00   3.75383655e+00]",29.74120718,"[ 15.93060556   0.21660057   1.55080611   1.55583802   2.08673967
   0.50779024   0.78430626  -1.03715899   1.41568171   0.67473011]",125.7625432economics,"[ 7.21607883 -1.66177958  2.28064496  1.87465549  0.05014021 -0.26022164
  1.23693853 -0.09651682  4.5222673   1.28004987]",26.3662494,"[  6.23796103  -8.18707642   6.47974224   1.08775016 -10.91429693
   2.0187753    2.41905897   0.0756999   -0.83727509  -0.45744936]",62.48864976,"[ 13.23080686   0.34045882  -0.02688642   9.76185647  -0.69060916
   1.083624     0.83037417   0.86513673   2.10448529   0.27858563]",69.80329338electronics,"[  4.66419827e+00   2.34402491e-01  -7.57005647e-01  -4.18656446e-01
  -2.49363366e-01   2.61978725e+00   2.67457117e-01  -4.54786817e-03
   1.90336350e+00   2.78970986e+00]",26.07626609,"[  1.32234410e+01   7.72586218e-01   7.06501279e-03   6.69890041e+00
   1.02757528e+00   1.31136462e+00   1.90749741e+00   9.46560010e-03
  -7.68747120e-01  -1.08382430e+00]",26.41745268,"[  1.14074789e+01   1.34415774e-03  -9.64131602e-01   1.24595347e+00
   1.67152979e-04  -8.27663944e-01   3.51591774e+00   2.28495662e-01
   1.34127525e+01  -6.16668748e-01]",26.76027702ell,"[ 3.68957483  0.12884726 -0.84403489 -0.77368348  0.00799648 -0.32815653
  5.21258754  1.01699964  2.64123042  5.38569076]",28.81778689,"[  4.66123268e+00   2.36778911e-04   4.09034777e+00  -4.17419679e+00
   7.58870534e-02  -3.44515420e-01   2.56222820e+00   2.60697649e-02
  -1.44179427e-01   3.55920114e+00]",30.03888255,"[ 5.82407512  1.15454458  1.16457427  0.04243385  1.22552353  1.1127347
  0.80518894  0.17554106 -0.19124645  2.78661185]",31.27258641emacs,"[ 8.50294915  0.05083761  0.20532551  3.14970622  0.84519024  0.60078915
  3.67761847  0.04006868  0.09672903  3.20783155]",29.77314444,"[ 12.36978002   0.43372708   0.17448452   5.36936537   0.15271416
  -0.65947094  -0.03325185  -1.10767221   5.14285616   0.74988   ]",39.11718619,"[ 32.51320553   0.14535892  -0.19584456  10.72167838  -2.44735796
   2.69369389   6.93265819   1.4220519    9.09420447   2.88709597]",36.58766286engineering,"[  7.39349069e+00  -6.16609422e-01   4.59815474e+00   2.22967927e-01
   8.49548469e-01   3.04426351e+00   6.22045139e-01  -6.14914598e-05
  -5.31874627e-01   6.87166203e+00]",18.52162547,"[  9.35798410e+00   3.73255694e-05  -6.96958946e-01   7.12019509e+00
   7.14492286e-01   6.44201350e-02   2.38528351e+00  -6.20311721e-03
  -5.19348160e-01   3.46705610e+00]",16.21479139,"[  33.13274521   11.92265172    0.27658447    3.11986322  110.85329103
    4.76934386    1.66147916   -0.6774262     0.44966553   -0.15230336]",21.20558728english,"[ 5.40137599  0.34116847 -0.1026202   0.18000524 -0.41912132  1.86080636
  1.5297504   0.04079815  0.13021726  2.94496195]",25.55348652,"[  1.22183092e+01   2.75581840e-01  -3.36719947e-02   1.51874331e+00
   6.30213713e-03  -8.88333609e-01   1.01111698e+00   7.19305637e-03
   2.05892122e+00  -1.31029229e+00]",26.47894933,"[ 5.99243392  0.69776441 -0.78489899 -0.56715462 -3.97312703  1.71342163
  5.87533171  0.07933594 -0.24346147  5.79208783]",25.50471817expatriates,"[ 6.46962389  2.80384058  1.90804225  3.96312503  4.11567652  0.38977127
  0.78938694 -0.55588452 -0.28957309  0.31545454]",25.25785566,"[ 7.74310429  3.41069499  1.03953471  1.15711913  1.46334044  0.24675892
  1.79932515 -2.11189234  0.96430742  2.26991387]",95.88924003,"[ 21.40048301   7.60313739   0.50796919   1.41022429   3.30093454
   0.35345288   1.52609675  -4.52224159   0.82420626   2.59316507]",78.01798317expressionengine,"[  9.37632590e+00   2.93549413e-03  -5.13339044e-01   4.12069604e+00
   3.73066925e-04  -7.15847340e-01   4.05536958e+00  -1.71611752e+00
   2.04779381e+00   3.23932542e+00]",39.18121731,"[  7.02598233e+00  -1.96533570e+00   9.29777976e-01   3.20796190e+00
   1.40214646e+00   1.76440555e-01   5.53876481e+00   6.10164317e-03
  -4.88873004e-01   3.31792628e+00]",inf,"[ 6.0111035   0.86240636  0.58908312  1.65367136  1.02377599  0.24420572
  1.92601102  0.39822234  0.03286705  2.74171191]",55.60671381fitness,"[ 5.89435248 -0.29881276  0.32684868  3.13140788  1.0890486   1.12979404
  1.3795322  -0.36454542  2.75258076  0.81554866]",15.55809187,"[ 8.70314866 -0.24934444  1.6793864   1.5723707   0.47552293 -0.14737951
  1.1657633  -1.25723607  0.63807385  3.49220612]",51.40597582,"[ 20.21817762  -0.26022042   2.44128187   3.49184868   5.3741023
   1.06868935   1.78461624  -2.57335637   3.91317239   2.80470696]",64.69629816freelancing,"[ 5.24999885 -1.05781731  0.70854037  3.19756966  1.68236586  0.92103
  2.05852939 -1.67718428  1.2309943   1.76458066]",2.499996559,"[ 7.99999756  0.94761555  1.78216199 -0.38009277 -1.37575376  1.46658813
  0.81657645 -0.20163682  1.46671211  1.41120394]",68.54256575,"[ 9.74999764  0.86197005  2.12856511 -1.20900806 -1.10781946  1.64501555
 -0.41275487 -0.2042713   1.713884    1.46762339]",8.969156581french,"[  5.71952293e+00   1.38521324e-02   2.50235961e+00  -2.16295422e+00
  -1.25501387e-02   9.85671100e+00  -1.30974609e+00   2.18290406e-04
  -4.78993277e-01   6.45384634e+00]",17.58139773,"[  9.52881724e+00  -6.09406345e-01   1.77801596e+00   2.10054861e+00
   9.75554346e-06  -8.24011629e-01   4.94407202e+00   1.12611279e+00
   4.39669073e+00   8.27980316e-01]",36.19678397,"[ 17.4048522    0.46522301   0.04097856   5.64949668  -0.84105512
   3.86133993  -0.51152261   0.57752143   0.83744219  -0.40619016]",62.10852382gamedev,"[  5.12486398e+00   3.28562099e-01   1.77725389e+00  -4.60734439e-01
  -1.62794971e-03   3.72547931e+00  -2.15601279e+00   8.57218724e-02
   9.58155338e-01   2.47612761e+00]",26.50902531,"[ 11.53010332  -0.88652417   1.27771474   3.04962009   0.13798757
  -0.71044913  -0.09507878  -1.69457864   2.52173491   2.48137369]",28.98009033,"[ 5.07701848  1.2765713   0.763171    0.73857114  0.90114184  1.03835896
  1.14354851  1.02218251  1.04123608  0.83678399]",30.88469427gaming,"[  2.47954682e+00   1.82509918e-01  -7.10729774e-01  -1.74425063e-01
  -3.39959130e-03   3.95207627e+00  -1.85963167e+00   1.73005520e-02
   2.73389125e+00  -7.31841193e-01]",23.47055573,"[  6.17355569   1.81618353   2.05643185   0.57551814   0.33215691
  -0.03637172  10.06547955  -0.28910907   1.15638951   1.79985187]",24.00133717,"[ 20.16807511   5.43013515  15.47105723   0.04428294  -3.83700156
   2.54341292  18.11623607  15.27835696   0.10740909  33.48636567]",30.37373173gardening,"[  5.80702123e+00   3.85146831e-03   3.23885491e+00  -2.11566065e+00
   6.86888093e-01   2.89636813e+00   2.09663887e+00   3.13712591e-01
   1.59665562e+00   1.80758096e+00]",18.50590047,"[   6.35615702  729.44695313    6.01583956    3.46927085  226.53336517
    4.20781314    3.4656052   699.9065474    15.64650113    2.45288548]",47.82568004,"[  12.71547601 -551.12720593    3.25935229    4.18437115 -543.25127392
   10.77518016    2.69853002  477.65470531    4.97751826    3.0103873 ]",infgenealogy,"[  6.81488992e+00  -1.18113118e+00   5.80221992e-01   1.60467949e+00
   1.26119768e-04  -8.37244718e-01   3.43912395e+00  -1.33978872e+00
   8.99789792e-01   3.95399966e+00]",20.60329889,"[  1.44090608e+01  -4.01913412e+00   9.97365124e-01   2.41506780e+00
   3.24375408e-06  -7.86024480e-01   6.69569364e+00   1.82966643e-04
   2.27298399e+00  -3.68010546e+00]",57.91073109,"[  1.30872399e+01  -3.75235188e-01   1.71859883e+00   2.47653125e+00
   4.43531258e-01  -1.31424983e-01   2.50202579e+00   2.39209492e-04
   7.32904815e+00  -3.62496027e+00]",44.17573393german,"[  5.37901281e+00   3.82426266e-02   2.44741936e+00  -1.30540675e+00
   1.54285630e-04  -6.45655476e-01   4.58470858e+00  -4.33484437e-02
   1.12817328e+00   2.12552858e+00]",20.5931017,"[ 9.8259678  -1.05312179  1.76706373  1.46494855  0.98945962  0.82676179
  0.83319319 -0.50958338  2.44481058  2.29675821]",39.81212909,"[  2.37690025e+01  -5.04286449e-01   2.30140510e+00   1.46950048e+00
   9.54435115e+00   2.85508120e+00   1.16249866e+00   7.11724139e-07
   1.00048587e+01  -5.21892464e+00]",42.57299599gis,"[  8.18506213   2.04764291   0.09643844  10.14352375  -0.21026724
   0.61271034   1.37643485   0.01324208  -0.2053105    2.82253714]",45.39201259,"[  1.44396586e+01   3.80776399e-04  -4.97950925e-01   9.82741275e+00
   8.28713888e-02   2.73638947e-03   9.95063077e+00  -1.36991171e-01
   3.93642606e+00   2.81461651e+00]",39.09838278,"[  7.05720580e+00   3.23323645e-01  -1.90867470e-01   6.76750716e+00
   9.18067032e-07  -8.42518622e-01   5.97575766e+00   1.97132517e-05
  -5.14787190e-01   1.20669614e+01]",44.58312166graphicdesign,"[  5.73106954e+00   4.69088639e-01   1.12786698e+00   3.10085923e-01
  -6.05735526e-01   2.37635214e+00   1.24726321e+00   5.01395854e-02
   4.62148409e-03   2.54339030e+00]",29.60134958,"[  1.05228709e+01   4.47609536e-03  -5.09604100e-01   4.46070997e+00
   5.41850898e-01   3.60316440e-01   2.56393776e+00   1.16126437e-04
  -5.06586012e-01   7.77108186e+00]",40.43826001,"[  1.74762688e+01   2.69506720e+00   1.36716115e+00   9.56445416e-01
  -6.68441773e-01   1.34645546e+00   5.71128794e+00   9.67900980e-06
  -8.46566517e-01   4.64042828e+00]",51.16860382ham,"[  6.94747219e+00   2.99556393e+00   5.65572226e-01   2.47614347e+00
  -8.78436075e-02  -6.46122040e-01   1.31529744e+00   7.17880526e-04
  -3.39492076e-01   1.41142358e+01]",19.18943612,"[  7.40452987e+00   1.38440024e+02   2.28838257e+00   2.55870708e+00
  -9.47267380e-01  -4.22999698e-04   5.04644061e+02   2.95189423e+02
   3.23997382e+02   4.78688311e+02]",41.55509251,"[ 13.55963312   4.5733492    0.86482316   0.26383742  -2.91204544
   0.79731071   0.91170255  -0.86820156   2.23686135   1.97146523]",95.04645762hermeneutics,"[  5.49545564e+00  -7.69370763e+00   6.57595190e+00   1.14017904e+00
   1.16525109e-04   2.16033468e+00  -4.68792675e+00   1.96963087e+00
   1.47790554e+00   2.84712571e+00]",15.03017395,"[  6.55267971e+00  -1.82304051e+00   5.69666707e-01   1.93906764e+00
   5.35756992e-04  -6.70195145e-01   5.57402338e+00  -1.46227387e-01
   2.56181119e-01   3.31922029e+00]",68.42733094,"[   16.54043023 -1490.70332278   588.46288182  1384.26747419  -919.27394564
     3.62863793     3.51620165    67.09331588     6.79688253     1.52035382]",72.64430834hinduism,"[  6.41879335e+00   1.52945052e-04   4.91125231e+00  -3.63616302e+00
   4.94920536e-04  -6.95137550e-01   3.97801214e+00  -3.26367238e+00
   1.35580682e+00   4.18846281e+00]",26.19166894,"[ 5.69852295  1.70707973  0.78088573  2.24119397  0.02373424 -0.34953859
  4.16845751  0.02461857 -0.16522583  2.71349723]",inf,"[ 20.16585557   2.92973563   0.23584149   2.41406547  -1.69726389
   0.44900845   5.8276985    2.62845632   0.65780711   8.29689733]",61.05652215history,"[ 5.87245824 -0.05569442  1.85821519 -0.39273268  0.05655997 -0.7220902
 -0.58873694 -1.40062448  4.0843423   1.89416749]",16.32060813,"[  7.91749635  -0.16177573  22.73981371  -0.57438316   0.11757345
  -0.96919395  -0.80373476  -0.56878937  10.03325096   0.56426181]",51.6256556,"[  3.02660932e+01   1.86298687e+00   1.66350496e-01   1.03512675e+00
   7.11396584e-03   2.32951970e+00   1.06627663e+00   5.88151438e-07
   1.34197515e+01  -4.87871489e+00]",46.75169954homebrew,"[  5.77137007e+00   4.57550939e-03  -5.22383698e-01   7.01757074e+00
  -1.79991612e+00   4.42229321e-01   4.06043393e+00  -2.46748406e+00
   7.15324245e-01   4.11906494e+00]",22.3851471,"[ 10.26524393   0.06349605  -0.28485359  11.61445012  -3.75492947
   0.39122226   4.29182808  -4.06756061   0.50396409   5.31802698]",54.48729786,"[ 15.05355069   0.21853943  -0.32781629   6.35664964  -4.45526452
   0.37044289   4.02254845  -1.78380767   1.31231515   4.43186319]",infhsm,"[  5.38991617e+00   1.30813968e-04   5.01834832e+00  -3.57413909e+00
  -5.16669084e+00   1.16892884e+00   3.80829958e+00   2.46826873e-01
   3.47461476e-01   4.50923969e+00]",8.773102807,"[ 3.41001362  2.1739372   0.11269331  0.96416699 -2.03519657  1.0820072
  1.69137946 -0.13622049  3.30263702 -0.19668615]",19.22767294,"[ 17.05208047   4.323603    -0.03924033   0.50927426  -5.66638699
   2.27771522   0.70809394  -3.39012369   6.39915655   0.66724412]",26.57283264islam,"[  5.99313958e+00  -1.19802511e+01   1.63680155e+01   1.38499711e+00
   4.49268389e-06   1.78260770e+01  -4.00654385e+00   1.37639977e+01
   1.20887425e+01   1.06855636e+01]",22.58995929,"[  7.18084283e+00  -1.21060797e-02   2.69855378e+00  -2.40562140e+00
   5.90583657e-06   4.57705558e+00  -5.45850589e+00   4.52019957e-01
   1.67845405e+00   4.61484906e-01]",50.09242396,"[  1.28968502e+01  -7.43946442e+01   3.22293567e+01   4.63266363e+01
  -2.29840012e+02   2.41570595e+00   3.75812507e+00   5.27973837e-01
   5.67983579e-01  -1.75183133e-01]",65.54891757italian,"[ 4.70773951  0.8708782   1.00945251  1.30363457 -0.26361161  0.16088717
  2.17319718  0.25533366  2.12055865  0.59562462]",13.05090299,"[  1.00000953e+01   5.68338831e-05   3.17653702e+00  -4.69960847e+00
  -8.77809561e-01   4.73087366e+00   6.30132802e+00   1.34360103e+00
   7.83210626e-01   5.69097819e+00]",30.16639298,"[ 32.77196161  -0.48873673   0.90115698   1.77460289   0.07408989
  -0.21063486   8.43897515  -6.6449708   21.31378513   8.30579171]",23.47375955japanese,"[  6.20623265e+00  -5.36521908e-03   3.15522731e+00  -1.51418300e+00
   7.09560886e-02   7.89414491e-01  -2.61557037e-01   1.36106362e-01
   7.40251673e-01   4.57535206e+00]",21.38098581,"[ 6.70207855 -2.10595254  3.60190718  0.64496877  0.58602523  0.49759094
  0.83372651  0.09891419  4.64865174 -0.26481293]",inf,"[  1.91967528e+01   1.54309377e+00   9.22346856e-01   1.26342961e+00
  -1.09659741e+00   3.11152180e+00   2.05817572e+00   5.07103677e-03
   8.13386301e+00  -2.24413046e+00]",48.88221816joomla,"[  5.90659608e+00   2.45853652e-02  -3.25337917e-01   3.28954631e+00
  -3.85938619e-02   2.18989208e+00   2.62984914e+00   1.40469516e-03
   3.57431310e+00  -2.16868057e+00]",22.98241361,"[ 7.95181359 -2.68858037  3.14335127  0.53920722  0.8722308   2.1627329
  0.15098661  0.11743268  0.21370175  1.12391261]",41.89047164,"[  1.99762325e+01  -6.39537541e+02   4.58015526e+00   2.82914436e+00
   4.37998566e-01  -3.24922438e-01  -2.99482537e-01   2.75253887e+02
   2.87676964e+00   4.38964640e+00]",47.21241827judaism,"[  5.71762063e+00   1.30403761e-01  -7.62074559e-01  -6.13151667e-01
  -1.37752737e-01   1.82620602e+00   1.87589079e+00   9.30649615e-04
   1.37838442e+00   1.77813399e+00]",33.49956032,"[  1.00396277e+01   5.27161278e-04  -6.21692807e-01   5.37068342e+00
   1.89628160e+00   3.20510998e+00   5.85852095e-01  -6.97720492e-01
   4.75975223e+00   1.22652438e+00]",inf,"[  1.75078438e+01   3.82314310e-04  -5.12692178e-01   1.01343967e+01
  -4.63930724e+00   2.38973795e+00   1.09580643e+01   1.66525648e-01
  -7.88853085e-01  -5.59621180e-01]",inflifehacks,"[ 6.62955469  2.6705069   0.48739954  3.02479615 -0.16210648 -0.38536837
  0.52521241  0.02101777 -0.89275629 -0.26270122]",16.01248169,"[ 6.42450812  1.20188852  0.66640676  1.08490994  0.90067169  0.87338097
  1.46900184  0.4095837   1.27614208  1.71380567]",45.39986907,"[ 7.04979831  1.38836324  0.51243641  0.93436351  0.91466083  0.81235987
  1.66019266  1.19941633  0.56133796  1.33087073]",40.94139119linguistics,"[  5.68050164e+00  -2.41201233e+00   1.25786007e+00   9.92222330e-01
   1.71330089e-01  -8.15666156e-01  -6.16670743e-01   3.73376241e-03
  -2.51180399e-01   7.63769981e+00]",16.54088131,"[ 5.01515537 -1.00153201  0.29382517  3.8913357   2.14005265  1.34155613
  0.44617271 -0.14607502  2.02663563  0.86047035]",inf,"[  2.27328792e+01  -7.56160071e+02   4.77852054e+02   1.02112127e+03
   1.86308746e+02   2.34312530e+03  -2.16658033e-01   1.35097804e+03
   4.46569776e+00   4.07739424e+00]",42.25300502magento,"[  6.54752395e+00   4.49159887e+00   2.12233478e-01   8.77360774e+00
   1.08359209e-05   1.27101192e+00  -6.33279850e+00  -3.59555956e-02
   7.13635588e+00  -7.27102025e-01]",53.52993007,"[  1.04835399e+01   1.44407849e-04  -7.72362540e-01   4.04738437e+00
   9.72267893e-01   2.87089605e-01   3.28375312e+00   3.07868555e-04
  -7.32371456e-01   2.84151973e+00]",55.9247476,"[  6.93495079e+00   8.47534896e-01   7.90895863e-03   3.37844257e+00
   9.66878931e-01   1.09856855e+00   4.09860290e-01   1.89761572e-06
  -8.41259755e-01   5.39347397e+00]",69.51804072martialarts,[ 5.  1.  1.  1.  1.  1.  1.  1.  1.  1.],0,"[ 9.49999964  1.          1.          1.          1.          1.          1.
  1.          1.          1.        ]",1.507936452,"[ 19.49999972   1.           1.           1.           1.           1.           1.
   1.           1.           1.        ]",25.83525308matheducators,"[  6.05448286e+00  -1.96702663e-01   3.79392388e+00   1.42074401e-01
   5.38009406e-03   6.41589445e+00  -2.10830073e+00  -2.11108448e-04
   6.90654513e+00  -2.93874845e+00]",17.46271495,"[  1.62389626e+01   1.61647670e+00   1.52169671e-01   1.64763586e+00
  -7.37123171e-01   4.44759987e-01   2.98946804e+00   1.81990604e-04
  -7.52166294e-01   3.59240435e+00]",42.58369229,"[ 23.03656721  -0.21166646  -0.10106373   5.24690086   0.07098146
  -0.2287854   10.2291909    2.48577875   0.11484125  19.86002808]",28.26713555mathematica,"[ 6.84671201  0.47818277  0.19437462  0.02312691 -0.08965052  1.78608985
 -0.39735434 -0.32923395  2.77472191  2.82987718]",30.91269763,"[  1.21295583e+01   1.79955700e-04  -6.98846863e-01   5.32965656e+00
   1.28035271e-02   1.21225391e+00  -1.84311496e+00   1.59776759e-02
  -1.15600558e-01   6.09894085e+00]",27.31127497,"[  1.39481902e+01   7.88994688e-02  -2.82653947e-01   7.01054508e+00
   3.63379205e-02   5.15981219e+00  -1.95469802e+00   5.73775001e-04
  -8.22172496e-01   2.74782164e+00]",27.2911576mechanics,"[  5.91722069e+00  -2.22789394e-01   9.56056817e-01   1.50676698e+00
   3.20658852e-01   5.28688832e-01   2.20313270e+00   4.64605123e-02
   3.34932944e+00  -3.00026670e-03]",18.35251209,"[ 7.86429164 -1.34231139  1.21571618  1.41965171  0.0536423  -0.90375241
 -0.15890924 -0.90026122  2.24037325  1.87255549]",53.48165048,"[  1.22334846e+01   8.82878106e-01   6.83974024e-01   2.33804342e-01
   4.98672404e+00   1.14654091e+00   3.79534936e+00   1.02441536e-03
  -8.00536225e-01   1.35813794e+00]",infmoney,"[  5.63271267e+00   6.85743091e-02  -8.13425777e-01  -6.37499545e-01
   2.62731291e-07  -9.37681144e-01   3.04076230e+00   2.77276694e-02
   2.12297298e+00   6.17495577e-01]",25.26284253,"[ 10.02258742  -7.43399494   3.59416119   8.77251546   0.17962816
  -0.73651877  -0.47139991  -4.29888627  10.34835659   0.9459914 ]",43.06855128,"[  2.07850601e+01   1.38074814e-02  -3.05808441e-01   9.92178090e+00
   1.80314769e-01   3.22449413e+00   1.80806831e+00   1.23300286e+01
   2.09307275e+00   2.46831022e+00]",46.47125014movies,"[  5.88261741e+00   2.42081551e-02   5.64505470e+00  -1.54441086e+00
  -9.09395423e-02   2.67587747e+00   3.60057388e-02   1.14601454e-03
  -4.61352716e-01   3.43965465e+00]",25.47559462,"[ 7.7804774   0.41697227  3.00710633  0.13032805  0.71528567  1.85867621
  1.16341845  1.71827244  1.66271278  3.62824857]",39.1170927,"[  1.49466439e+01   1.80565383e-05   8.72991306e+00  -4.74577741e+00
  -2.66571687e+00   5.60261555e+00   4.32348805e+00   8.61163412e+00
   1.49752288e+00   2.77089211e+00]",54.59876663music,"[ 6.1391045   0.03344161  0.97513436  0.55205618  0.02825979 -0.62018576
  0.11766723 -0.40019696  0.96699842  3.98821485]",21.94982875,"[ 13.41178264   0.75945848   0.71001597   2.17598148   0.21572883
  -0.02716814   0.76542562  -1.57537037   3.33401541   2.55331135]",36.42098274,"[  1.87359587e+01   1.98756993e+00   2.25233919e-02   8.13753203e-01
  -2.07778551e+00   3.15483245e+00   3.62668294e+00   7.03088959e-08
   9.89468180e+00  -6.16198980e+00]",47.71235693networkengineering,"[  6.03393569e+00   1.77413239e-03   2.67103899e+00  -2.38990770e+00
   9.86461810e-02  -1.53151520e-01   2.50185983e+00  -4.10282109e+00
   9.29644014e-01   6.26944626e+00]",21.31378369,"[ 7.8464469  -0.56363801  0.83438133 -0.15708839  0.25368017 -0.76466196
 -0.32450785 -0.03473952 -0.30204446  0.54357333]",44.4941944,"[ 14.70509762  -4.87509449   4.25609978  11.37840124   2.72322781
   2.71339504   2.9799859    1.77974715   1.6111317    0.85456533]",48.80553039opendata,"[ 6.36650636 -0.47433722  0.20706792  3.23880426  0.36352751  0.41251856
  2.37608043  0.06373886  2.01887571  1.76939673]",18.06344871,"[  7.73714955e+00  -3.58724268e+00   3.21236992e+00   1.06307497e+00
   5.33746540e-02   2.34794420e+00  -2.83107577e+00  -8.98493924e-04
   3.87859462e+00  -4.36046718e+00]",64.67820624,"[  1.12714790e+01  -5.28740483e+00   4.19568561e-01   3.64934707e+00
   6.91876086e-03  -4.53385690e-01   7.69632259e+00  -3.95080784e+00
   2.28310580e-01   1.17542237e+01]",57.21570572outdoors,"[  5.51280453e+00   4.30462338e-04  -5.21682495e-01   7.75831032e+00
   3.60396358e-02  -9.02203776e-01  -4.47015583e-01  -1.84407963e-01
   1.16873431e-01   3.91977130e+00]",9.935621496,"[ 8.92536837  1.7001314   0.22944534  0.75820894  0.72425267  1.23551379
  0.88878597 -0.89305678  1.98056271  1.18597529]",46.62483163,"[  2.10705898e+01   2.23494110e+00  -2.26179298e-01   8.88404467e-01
  -1.39225798e-02   1.94651494e+00   3.10150827e+00  -9.88925781e-01
   1.78278985e+00   1.26476355e+00]",73.96966975parenting,"[  5.65621481e+00  -3.80631204e+00   1.16306955e+00   3.80727281e+00
   2.24017907e-02   4.65928686e+00  -6.28964390e-01   9.71266228e-07
  -7.34845287e-01   5.87532243e+00]",13.95691768,"[ 11.8442332    0.28601578  -0.79346119  -1.7875254    0.75953024
   0.01979245   3.17126966  -2.068664     1.18432909   1.46353498]",43.36476459,"[  2.05084630e+01   1.71487377e-01   2.03068182e+00  -2.42830098e+00
  -1.09946156e-03   9.25140807e+00  -3.42489123e+00   2.00755659e+00
   5.47111060e+00   2.23343180e-01]",77.17020649patents,"[  5.40883377e+00   5.99172493e-06  -7.13988216e-01   6.99556232e+00
   7.11854384e-02   1.16925538e-01   6.22051727e-01  -3.04664633e+00
   1.51056802e+00   2.56033876e+00]",8.863542814,"[ 8.75707113 -0.70203491  1.6784496   2.00398237  0.13262522 -0.18880246
  6.08978472 -1.57840503  1.04085943  3.73431639]",inf,"[ 6.75803157  1.86363302  0.70908143 -0.20347162  0.04178555 -0.3607236
  5.3853895  -1.95396186  0.24877332  1.42969887]",infpets,"[  5.70394498e+00   7.37151857e-05   5.22677628e+00  -4.05001733e+00
  -2.71908193e+00   3.71953940e+00   1.58299262e+00   1.42179701e+00
   3.34613077e+00   2.99574861e+00]",15.14297859,"[  6.77010458e+00   7.21901166e-04   4.42988617e+00  -2.72885425e+00
  -9.91150724e-01   2.80110105e+00   1.35956018e+00   1.71480508e+00
   2.15618810e+00   1.57587233e+00]",inf,"[ 16.57243726  -5.70136279   5.15025797   5.10579556   0.3072136
   1.95617958   0.6557482    0.32914369   0.346756     1.8763908 ]",68.00707443philosophy,"[ 6.11793503 -0.26652051  0.20082048  3.41956397  3.04741238  1.89704729
  3.16536477  0.01074848  2.53399211 -0.48374227]",19.24284321,"[  9.67367194e+00  -8.56777610e+00   3.65802369e+00   1.60280182e+00
   3.61260894e+00   1.11564792e+00   2.62904973e+00   1.78857493e-05
   1.07547569e+01  -3.67981239e+00]",43.56562934,"[  1.55925847e+01   1.82248928e+00   8.76464740e-01  -6.83823653e-01
   6.32126562e-01   1.25763259e+00   2.07061380e+00   1.60032639e-07
   1.14718014e+01  -5.73611920e+00]",44.58837596photo,"[  7.02255833e+00   1.81416031e-04   4.77449953e+00  -3.11339195e+00
   4.91303562e+00   1.47599851e+00   4.60518379e+00   1.00465213e-01
   3.36775326e+00   1.64723106e+00]",26.6264529,"[ 12.47047721  -0.84804337   1.33267058   1.47083791   2.42673609
   1.50720958   1.16424075  -2.6785599    3.36448388   2.12629239]",33.83360912,"[ 27.34318952   0.03413085  -0.07510433  14.14107341  -2.01005605
   2.48876741   5.36617671   0.11945834  -0.64775993  -0.14093272]",36.34901282physics,"[  9.91930504e-01   9.02874922e-01   1.66557546e+00   1.32726566e-01
   4.69718668e-05  -6.08189329e-01  -2.61195582e+00   2.68872496e+00
   2.60946105e+00   3.38378997e+00]",23.16229797,"[  7.11980886e+00   1.11998543e-02  -4.74190040e-01   4.61275805e+00
   1.45733776e-01   6.71445903e-01  -7.53232631e-01   3.29921147e-04
  -9.09016053e-01   6.04432891e-01]",21.21879963,"[ 5.67242337  0.39850596 -0.19019977  4.03132746  0.82279023  0.4464696
  2.05129675  0.40606112  0.36129242  0.2056016 ]",21.39799249pm,"[  5.51887915e+00   3.97316961e+00   1.98035309e+00   1.42516869e+00
  -2.05278987e-04  -6.94439153e-01   3.21594502e+00  -2.21216092e+00
   2.09414876e+00   2.74859609e+00]",13.48947545,"[  1.28200251e+01  -5.09001170e+02   6.03911565e+02   5.55966827e+02
   3.34319895e+02   6.33607666e+00   2.26331695e+00  -1.82580606e+02
   6.38950258e-03   1.01295204e+03]",45.63712879,"[ 13.79242974  -0.7562321    2.3452985    2.82262839   0.57840294
  -0.68625971  -0.89907121  -0.05273775   5.56097046  -1.96925429]",infpoker,[ 5.  1.  1.  1.  1.  1.  1.  1.  1.  1.],0,[ 4.  1.  1.  1.  1.  1.  1.  1.  1.  1.],19.04761905,"[ 7.50000007  1.          1.          1.          1.          1.          1.
  1.          1.          1.        ]",5.952381005politics,"[ 5.78984844 -2.56734026  2.5034341   3.14820519 -2.82429033  0.82428296
  2.75293276  2.23314362  1.72976876  2.33510951]",11.68336631,"[ 6.92348377  1.59342319  0.16426452  2.17969279 -0.67417249  1.58211605
  2.14448891 -0.33536019  0.95755958  3.00973769]",65.4399842,"[ 12.36752048   2.44163817  -0.24371234   0.13328869   1.54416569
   0.57860863   0.62923218  -0.2430357    1.98036115   0.24349548]",38.8166438productivity,"[ 5.66666584 -0.22881069  1.77868124  1.75416536 -0.79159583  2.10774291
  0.05739353  0.75050095  2.27462462  0.12154667]",9.13625418,"[  9.61905067 -18.03098788   8.95788325   7.74262097 -11.88504625
   1.7305445    0.60457479   2.80943136   0.40254261  -0.11040582]",21.7308478,"[ 9.5840126  -3.82733707  1.83664215  1.94397481 -1.53266302  1.60071366
  5.25198294  3.96443415  0.4099005   3.4492038 ]",53.23453718programmers,"[ 6.70377808  0.48413945  0.01960997  3.49567227 -0.28531707  2.24278625
  2.15391327  0.03389889  0.13213386  2.31613719]",30.59348125,"[ 6.24534138  0.97518734  0.97076643  1.15855523  0.77917807  0.01145365
  1.84284198 -0.44460265  1.60148673  1.72870124]",32.71759545,"[  7.02978153e+00   1.52408391e+00   4.03668733e+00  -4.61960356e-01
   2.20284982e-01  -1.75029969e-01   4.28196021e+00   5.88381629e-05
  -4.71961258e-01   1.28749717e+01]",34.53016704puzzling,"[  6.20807901  -4.4073513    0.23674254  13.22604015   0.27159978
   0.07777223   2.15232889  -0.0766721    2.29320955   1.86658063]",31.48200937,"[  1.09119213e+01  -8.65519575e+00   3.88284916e+00   3.60130093e+00
   2.11059046e-05  -6.28256145e-01   9.35693100e+00   1.63870272e-04
  -3.31139289e-01  -3.86202190e+00]",41.85028173,"[ 11.98578232   1.05966266   1.20581174   0.56742179   0.46565592
  -0.23490835   3.48483922   0.3177677    1.35144447  -0.15139834]",44.00084571quant,"[  6.01655235e+00  -9.07952402e-02   4.01247229e-02   2.67950684e+00
   1.34819399e-03  -5.24682415e-01   5.94941018e+00  -5.34153988e-02
   6.12746863e-02   5.23236024e+00]",16.55003268,"[ 6.3087845  -2.57530199  1.40675381  1.06925971  0.15387519 -0.86185513
 -0.29967016 -0.02569912  2.78135184  4.2656691 ]",inf,"[  1.49041685e+01  -1.25871548e+00   8.92898794e-01   1.09598724e-01
   3.86051682e-05  -7.70105531e-01   5.71595968e+00   3.18939342e+00
   4.10081923e+00   9.00898918e-01]",70.2137126raspberrypi,"[  5.93300194e+00   1.09014909e-01   1.54344083e-01  -5.48259105e-01
  -1.35867208e-01   2.47070718e+00   6.92809258e-01   1.66755081e-04
  -5.74378052e-01   4.22159831e+00]",25.27187582,"[  8.19166053e+00   9.48541290e-02   7.98199517e-01   6.05054996e-01
   1.38379537e-01   4.74616246e-01   3.76141229e-01   5.96069593e-05
  -7.28014895e-01   3.64206744e+00]",42.59427475,"[ 17.97436175  -0.45509908   3.3036936    4.69241987  -3.72903428
   5.01721286   5.02968766   3.19017367   3.57142658   0.99896989]",44.56863531reverseengineering,"[ 5.42225784 -0.37815792  0.29477293  3.7684925  -1.09762613  0.9898247
  3.22323797  0.05201722 -0.26609051  0.53809673]",11.45199775,"[  6.40175300e+00  -2.59547077e-01  -2.88025166e-01  -3.54769134e-01
   1.29915670e+01   1.44881253e+01   3.38757115e-01  -2.45431582e-05
   3.85147050e+00  -4.53911131e+00]",42.34642142,"[  1.30254966e+01  -7.96390632e+00   5.18106796e+00   7.79996486e+00
   4.06636143e-02   3.47301295e+00  -1.90898005e+00   1.26480331e-05
  -2.07098181e-01  -6.98818607e+00]",49.7358669robotics,"[  5.40608566e+00  -1.32540989e+00   1.20501753e+00   2.39731476e+00
  -9.64243661e-02   1.52516240e+00   3.21069269e+00   5.07806707e-04
  -6.37390143e-01   3.88157880e+00]",7.763825807,"[  4.5319695  -25.17144388  -0.16417409   4.64247317   7.76278842
  -0.35863059   4.46317068 -11.67999607  -0.10083549  11.6552141 ]",inf,"[  8.00445822e+00   2.87770803e-04  -7.20085283e-01   5.50015459e+00
   1.48767149e+00   1.09872149e+00   4.36423589e-01  -4.15741845e+00
   9.62619364e-01   2.84780011e+00]",82.69748824rpg,"[  5.39522020e+00   9.97294247e-02   4.72882808e-01  -8.74601985e-01
  -2.47025565e+00   4.63882491e+00   2.01321815e+00   8.12482166e-04
  -3.54154955e-01   7.19899627e+00]",27.44271139,"[  1.32243330e+01   4.95114928e-03  -5.25228260e-01   5.16136428e+00
   5.17581781e-01   2.17849103e+00  -7.04672559e-02  -1.56937352e-02
   7.41187070e+00  -1.18326242e+00]",36.66674223,"[  2.18876956e+01   7.42383762e-06   2.18164211e+01  -4.24186412e+00
  -9.10207662e+00   6.35223121e+00   9.46478269e+00   3.37750706e+00
   2.97776459e-01   6.93318478e+00]",39.40839863russian,"[  5.37280017e+00   6.56405610e-01   2.32224156e+00  -1.01131400e+00
  -2.15258844e+00   1.87176189e+00   3.74264055e-01   5.62925270e-05
  -7.41291038e-01   4.05942755e+00]",5.036547405,"[  9.89843587  -5.88950343   5.81967136   2.13705918 -12.45018106
   1.8872951    0.97220402   5.70763804   6.28648501   0.33524894]",17.29625799,"[  2.27105296e+01  -5.26409800e+00   9.25695653e-01   9.68078541e-01
  -2.76271658e+00   3.50564752e+00  -4.83802168e-01   6.00747645e-03
   9.94930720e+00  -2.77204432e+00]",51.32023277salesforce,"[  1.18205366e+01   1.70172041e-03  -4.48816186e-01   9.42931649e+00
  -5.59080002e+00   3.96436158e-01   8.66241113e+00  -9.55037205e+00
   4.49174647e+00   9.00024421e+00]",61.2169544,"[  1.31321397e+01   7.59705892e-02  -1.64498575e-01   1.07794103e+01
   4.77357740e-05  -5.46797159e-01   8.81128475e+00  -1.29307043e+00
   1.50546187e+00   5.48540756e+00]",50.14551435,"[  5.24974380e+01   2.55481495e+02   1.07933085e-01   4.33911278e+01
  -1.25859887e+02   3.25588477e+00   2.63570171e+00   1.02739710e+02
   1.54726638e+00   1.59569833e+01]",64.95454758scicomp,"[  5.63800434e+00   3.67072945e-05   7.11373218e+00  -4.06488744e+00
  -7.27188867e-01   4.11770952e+00   5.88277315e+00  -1.36869820e-01
   8.29540827e-01   4.06479816e+00]",15.22670377,"[ 6.33282822 -1.51503745  3.24231363  0.46787413  0.01933359  2.79010588
 -2.06653725  0.02946148 -0.05372489  1.57599421]",52.46001998,"[  1.66348545e+01  -1.96978115e+01   1.44878126e+00   4.08787580e+01
   5.66954293e+01   5.22776238e-02   1.00076743e+02   4.56997633e-04
   1.82738875e+01  -2.74636137e+00]",55.27295823scifi,"[ 3.89463934  0.13731275  2.48396788 -0.77550177  0.01708938 -0.40545776
  2.29940697  0.11602856  1.091774    2.7834611 ]",31.90596462,"[  1.00481413e+01   4.07658390e-01   2.61657171e+00  -2.16580721e-01
   8.10537404e-03  -6.54264625e-01   2.45923200e+00   3.36672870e-01
   2.57198860e+00   1.57646607e+00]",30.60247137,"[  1.73249792e+01   1.25751098e-04   3.30972930e+00  -5.05847418e+00
  -2.02294396e+00   2.39968376e+00   5.13062855e+00   1.04669914e-01
  -2.96386613e-01   4.16820508e+00]",37.33881007security,"[  5.57301122e+00   2.44333788e-01  -2.48769849e-01  -3.89568801e-01
  -1.17110736e-01   2.93204277e+00  -3.18567828e-01   6.51383250e-06
  -7.25540336e-01   5.75810996e+00]",31.61460183,"[  1.55680757e+01   3.08173168e-05  -7.56477529e-01   5.77654911e+00
   1.04489320e+00   2.49955356e-01   6.84757502e+00   8.02257844e-01
   1.01029699e+00   3.70492557e+00]",35.1184642,"[  2.77038644e+01   2.78807016e+00   4.73391332e-02   1.35735700e+01
   3.43921455e-01   7.83546324e+00   1.22394625e+01   3.38680602e-03
  -4.17575277e-01   7.44490945e+00]",41.27299774sharepoint,"[ 11.21385444   0.03314243  -0.22764315  11.13515566  -1.80613504
   0.90478457   3.65923226   0.27244873   3.03660308   6.70484167]",63.88810656,"[  1.66546378e+01   1.85206600e-07  -8.11750412e-01   7.72488171e+00
   2.04688604e+00   1.68944267e-01   1.45464227e+01   2.38602650e+00
   1.47089364e+00   4.57717552e+00]",62.25690095,"[ 7.31687683  0.99851348 -0.01532371  6.09064067  0.01142156 -0.21455241
  5.5414208   1.26452596  0.16782031  7.88372349]",74.54290894skeptics,"[  5.68547745e+00   4.95985662e-02   3.94372567e+00  -9.28102968e-01
   6.03172954e-03  -3.41436621e-01   5.12112290e+00   1.41409934e-03
  -2.03134315e-01   3.41006428e+00]",21.24723152,"[ 4.64096656 -0.34809979  2.06756696  2.46917939  0.15982008 -0.70100343
 -0.24451365 -0.06915876  1.85993796  1.28127936]",inf,"[  1.29105711e+01   2.68817382e+00  -3.84632297e-01  -6.16110145e-01
   3.25943661e-01   1.57846738e+00   1.45822727e+00  -7.19167331e-03
   4.31246342e+00  -1.91118808e+00]",41.85506304softwarerecs,"[  8.45181119e+00   2.73324681e-01   5.46588831e-01   3.18674155e+00
   1.43823362e+00   1.95226931e+00   2.27100354e+00   2.86016009e-06
  -8.46041728e-01   4.06481523e+00]",32.77918671,"[  6.63230925e+00   7.75733121e-06  -8.70162830e-01   3.68972761e+00
   2.24597480e-01   4.55622351e-01   1.76299398e-01   1.23087885e+00
   2.86951437e+00   3.92485762e+00]",44.68555922,"[  1.70304780e+01   1.47503415e-03   5.45006378e+00  -2.84985473e+00
   7.54008045e+00   1.84674100e+01   6.79667040e+00   4.55460323e-03
  -8.79779345e-01   1.02529926e+00]",44.22679533sound,"[  5.95087477e+00  -3.52268255e+00   5.55954086e+00   5.53388638e+00
   3.42284357e-07   2.66328222e+00  -6.49333754e+00  -3.43449914e+00
   7.24180966e+00   2.82660997e+00]",15.54470497,"[ 13.97112889  -2.75140044   2.11866475   6.74982257   0.32022902
   1.28149122  -0.28184252   0.1451433    6.47725145   7.71529577]",inf,"[ 15.32005252  -2.08153089   1.79565892   2.27965591   0.02580284
   3.06030323  -1.33284138   2.24328909   1.95501408   1.09652246]",67.9563917space,"[ 6.01109031  0.08791786 -0.61003597 -0.4751632  -0.03901607 -0.79909285
 -0.27266327  3.39717288  0.83331958  6.34802547]",17.82698681,"[  7.55099989  75.80462799  10.82652127   1.71154215  -5.33607552
  10.40384887  11.91733975  30.5413193    1.82357973   5.29837877]",inf,"[ 14.10605553   1.51372023   1.07179009   0.0888328    1.327633
   0.83215355   1.33536993   0.2043285   -0.03183347   3.27759552]",53.01936293spanish,"[ 6.18677794  1.55528224  0.93102515  1.50417559 -1.02353636  0.79349277
  1.67477004  0.20981207  0.38234195  2.25147793]",22.47419707,"[  1.06200858e+01   2.82996042e-01   1.08755288e+00   1.19882417e+00
  -2.06660655e+00   5.65038452e-01   4.61609774e+00   4.82710525e-04
  -7.20290495e-01   3.68220499e+00]",38.96797086,"[ 16.93492284 -16.33916419   8.0707751    9.32628322  -9.62314928
   2.91426246   1.2406339    0.24862089  -0.66945107  -0.25019946]",66.52493735sports,"[  5.76614384e+00  -1.89874729e+01   2.72575350e+00   2.05646223e+00
   1.09721375e-01  -8.34643670e-01  -3.66105009e-01   9.99792666e-04
   3.91304455e+00  -1.79581443e+00]",15.12028115,"[  6.44679925e+00  -3.67316909e+00   3.01007772e+00   2.56282554e+00
   1.17935648e-06   6.28607747e+00  -6.29685183e+00  -9.52688727e-06
   5.32485562e+00  -4.98175825e+00]",55.44180082,"[ 12.89324342   0.68143936   1.29962788   1.12353416   0.84893566
   1.00405473   1.19076758   0.30076042   2.42563564  -0.02253271]",infsqa,"[ 5.71615677  0.34382442  0.40890839  0.20992342  3.06648853  1.61160412
  3.26657813 -0.02003135 -0.78573841 -0.04772401]",15.14141043,"[ 8.74581019  1.18929847  0.49136713  2.10220071  0.22765698 -0.80646201
 -0.37192099 -2.43564508  0.63021585  2.8835608 ]",51.68202706,"[  1.20898074e+01  -1.01088843e+00   1.81899298e+00   3.87609496e+00
   1.55027524e+00   2.50553514e-01   3.72984256e+00   2.77096921e-04
   3.11174550e+00  -4.11848731e+00]",76.22895628stats,"[ 7.4312502   0.30997837 -0.44258384  0.5289759  -1.96056231  1.62616463
  1.87027915 -0.04986708  1.50179614  0.88085453]",30.25083467,"[ 11.4982571    0.98534779   0.16752856   6.1783176    0.01515301
  -0.35205702   4.84824792   0.8030864    1.06863063   3.57999576]",26.5566707,"[  3.28807314e+01   2.70357441e-02  -4.86155122e-02   8.06143234e+01
  -9.69911856e-02   1.57708824e-01   4.26148480e+01   3.70027508e+01
   1.26633552e-01   3.85175221e+01]",29.63923668sustainability,"[ 5.24408423  0.82992251  0.8295854   1.54512205  0.70783075  0.87490127
  1.70263201  0.92939779  0.51020585  1.98836132]",12.22397485,"[  7.32895150e+00  -6.41323055e+04   2.18571624e+05   1.73229612e+05
   2.04436008e+05   3.13313609e+00   7.00824822e+00  -3.11283254e+04
   9.13805775e+04   9.79051686e+04]",16.31546659,"[ 16.56080561   6.95849086   2.47209411   9.14485561  29.31149004
   0.89777832   2.34076306   2.49077494  15.88871335  32.05035251]",4.124339342tex,"[ 4.07538795  0.28271627 -0.13542515  1.48742526 -0.96784796  2.16122705
  2.10973286  0.31216985  2.50545522  0.76093626]",22.54419473,"[ 8.03688484  0.17583872 -0.0938616   3.89552955  0.33927824  0.04166294
  0.20239437  0.48649819  3.32974091  4.51850316]",19.07642312,"[  5.25814196e+00   5.36962428e-01   3.76960398e-01  -8.30987320e-01
   1.06761494e-01  -3.68452617e-01   2.75254884e+00   1.89450836e-03
  -8.03637168e-01   2.28016425e+00]",20.33291645tor,"[  5.97061265e+00  -2.47779224e+00   3.93329684e+00   1.14040181e+00
   6.53352968e-04  -6.94065616e-01   3.21485441e+00   1.32160975e-04
   8.04040994e+00  -2.99605804e+00]",13.69719837,"[  3.70014904e+00   1.26873304e-03   2.76514018e+00  -3.52979688e+00
   3.00866058e+00   2.09795076e+00   1.12532944e+00  -1.54411352e+00
   8.03648484e-01   3.51195768e+00]",57.2828886,"[ 5.39307007 -0.68785853  2.39526157  1.23806813  1.90219527  1.22111087
  0.11641282 -2.2891909   2.50070831  1.002184  ]",93.27527667travel,"[  5.32063651e+00   4.84121129e-03   7.81376519e+00  -2.19883616e+00
  -2.82471712e+00   9.58799465e+00   1.71930817e+00   2.93226706e-05
  -7.96717820e-01   3.18165165e+00]",27.86975056,"[  9.68545827e+00   1.13976216e+00   4.94042044e-01   1.58926503e+00
   4.12684047e-03  -4.76162781e-01   3.89397513e+00   2.00074508e+00
   5.46470577e+00   5.12933414e+00]",38.73638647,"[ 7.18112951  2.06657955  0.07497017  0.27983072  0.53377397  1.25100327
  1.87660351  0.11273779 -0.08881391  1.58345417]",46.3172706tridion,"[ 6.69049557 -0.17525384  3.73244338 -0.13258805  0.04436611 -0.95819565
 -0.80933119 -0.03112722  3.83221675 -0.21528005]",20.12085251,"[ 10.21866002  -4.70359434   2.60509921   1.71070052   0.16803938
  -0.24277997   0.2104937   -0.71990105   4.5906878    1.71075147]",37.5206679,"[  1.96619321e+01   3.05149368e+00   8.28495877e-01   2.21919120e+00
   7.67999032e+00   4.84279554e+00   3.36475970e+00   7.13658084e-03
   9.12769909e+00  -1.76511187e+00]",40.42905446unix,"[ 5.18131845  0.66100962  0.368906    0.41204167 -0.28859074  1.8845845
  0.46590147  0.03692401 -0.08209184  3.5238972 ]",26.49795536,"[ 7.92308113  0.92965913  0.1963647   2.88523853  0.1301456  -0.16247104
  5.87045792  0.42004033  1.97533553  1.92103121]",25.49900075,"[ 4.73148364  0.49874281 -0.63737369 -0.12284488 -0.54939997  1.83367731
  4.255852    0.0387781  -0.29691012  6.00059641]",29.39684534ux,"[ 7.90617074  0.0250148  -0.39226227  4.1622658  -0.80507786  2.19864541
  1.76557465  0.215056    1.26598764  2.11769247]",34.39206203,"[ 21.03586353   1.62148616   0.33565756   1.96128608   1.69296475
   0.93044782   5.07482429  -3.65106995   3.08467386   5.37182544]",39.07845132,"[ 6.68850802  1.76969145  0.12583192  0.43331348  0.94666999  0.64226146
  1.78388465  0.09197558 -0.22923719  2.77628646]",45.0541627webapps,"[  5.56027648e+00   2.22397604e-01   2.30340973e+00  -1.29479116e-01
   1.84084547e-04  -7.40870696e-01   3.88961986e+00   2.07662739e-01
   2.29845413e+00   1.88933501e+00]",30.23807876,"[ 5.70760794 -3.2612259   2.00528118  2.303897    0.13099656 -0.80740154
 -0.21101413 -1.13927974  3.05484     4.19828373]",43.61816501,"[  7.37313214e+00  -8.72760539e+00   1.39376651e+01   3.67858165e+00
   1.04878771e-03  -9.53047934e-01   1.06379582e+00   1.86379445e-04
   4.39342442e+00  -3.82845748e+00]",56.63942688webmasters,"[  8.80887244e+00   3.87061318e-04  -6.78399470e-01   4.57927381e+00
  -6.19765408e-01   3.35978742e+00   3.57864356e+00   6.10854718e-02
   1.48537568e+00   2.35279178e+00]",32.45958949,"[ 14.49940045  -2.30831326   1.38175239   1.94223507   0.1448218
  -0.61376264   0.07146436  -0.02874082   4.7492402   -0.83839062]",39.0597267,"[ 9.24700887  1.54385088  0.26584175  2.54400861  0.04772529  0.10342714
  2.77903363  0.72813375  0.85903144  0.85192137]",46.57204201windowsphone,"[  6.15340361e+00  -5.55448129e+01   5.72052108e+00   1.89506297e+00
   4.31333008e-02  -5.69104712e-03   2.98967086e+01   6.88733167e+00
   1.88352025e+01   5.67295929e-01]",17.56318222,"[  5.32628665e+00  -4.35882180e+00   2.96551913e+00   2.32028721e+00
   2.87785621e-01  -7.22122529e-02   7.19545787e+00  -2.24174914e-04
  -5.13052646e-01   7.51074525e+00]",50.00074514,"[ 11.00941394  -3.59067469   1.39769392   1.81244549  -0.8983382
   1.84827237   1.00332652   0.34169888   0.05496653  -0.67301077]",59.63639869wordpress,"[  1.32264035e+01   4.73039559e-05  -5.57454984e-01   1.05128118e+01
  -2.52092458e+00   2.50867663e+00   1.74383590e+00   4.14684006e+00
   7.91046872e-01   6.01428628e+00]",29.08053448,"[  1.35860237e+01   4.51665710e-06  -7.30785545e-01   7.12190331e+00
   1.34317334e+00   6.30102596e-01   1.71200605e+00   5.78713611e-03
   5.63034547e+00   5.48258996e+00]",27.51869732,"[  1.47739846e+01   6.18726000e-01  -7.34866151e-02   7.76601298e+00
   1.77762526e-03  -5.53680130e-01   3.48084090e+00   1.79940092e-02
  -2.54342751e-01   1.01077653e+01]",30.56495101workplace,"[  5.74591178e+00   6.62055580e-05   6.48440496e+00  -3.96988118e+00
  -4.00931672e+00   4.53736480e+00   3.89695112e+00   3.11742171e-04
  -5.46797112e-01   4.23312719e+00]",24.89722719,"[  1.72359222e+01   5.23315626e-03  -4.06952049e-01   8.77040297e+00
   9.94549039e-06   1.67870372e+01  -3.83441624e+00   8.20141833e+00
   1.62743016e+01   1.63429693e+01]",41.70427555,"[  1.74006462e+01   2.03207615e+00   1.47626651e-02  -4.74155744e-01
   8.36941073e-01   1.03269942e+00   3.93132104e+00   6.03566690e-02
  -3.17727946e-01   2.25074595e+00]",44.61799691