channel_name,par_q,avg_err_q,par_a,avg_err_a,par_c,avg_err_cacademia,"[  5.41282966   0.07739728  -1.11387176  -0.02753471   0.61194237   0.02660978  16.2660942 ]",27.08851374,"[  1.16774618e+01   4.79882593e-05  -6.38821524e+00   1.21333264e-01   2.06875551e+00   5.57208773e-02   8.76727522e-01]",31.1041688,"[  2.13997409e+01   9.49677978e-01   2.08710622e+00   1.70936490e-03  -4.44025627e+00   3.33003258e-01   1.21891507e+00]",36.00795417android,"[  4.91047146   0.2751556   -0.58492154  -0.04533085  -1.02928799   0.02283556  16.32138811]",27.00785421,"[ 11.20335013   0.10184585   0.03209639   0.16386214  27.27483914   0.05763346  17.04691459]",34.26641978,"[ 12.63276477   0.41014481   6.68558549   0.33376184   8.26057605   0.27485751   0.59203801]",42.42736287anime,"[  7.01147685e+00   2.37453615e-02  -1.07820534e+00   6.32856256e-03  -2.29124455e+00  -5.69850791e-03  -1.56428394e+00]",26.73259969,"[  6.56309498e+00   6.28600821e-02  -1.35486578e+00   1.10096528e-01   2.83521752e-01  -4.25130136e-03  -1.89874422e+00]",47.9222055,"[  1.71666550e+01  -3.91955063e-04  -4.85879437e+00   4.96487390e-01   8.98182024e-01   2.25869150e-04  -4.75989195e+00]",52.65891769apple,"[  4.36271367   0.47097578   0.43959088  -0.02443702  -0.40507357   0.04185468  15.31546456]",24.59647402,"[  8.86842712   0.18488903  18.02696403   0.35700805   0.70482913   0.06213865  15.42767568]",24.55506852,"[ 11.45804606   0.77121324   9.22090949   0.25754353   9.0569257   0.28872822   0.60425133]",27.45655997arduino,"[ 6.00716889  0.08662791 -1.29518715 -0.0460167   9.20786003 -0.01150708 -1.16593914]",20.06169012,"[ 6.50740579  0.07816962  1.0514917  -0.01979516  1.92347767  0.0364212 -0.21605938]",inf,"[  2.33407040e+01  -9.30362171e-05  -6.60068108e+00   5.07798261e-06  -8.25392712e+00   2.13451479e-01   1.23618712e+00]",38.49578295astronomy,"[  5.69918219e+00   1.48021900e-01   9.05498077e+00   1.93564119e-04  -4.86032492e+00  -7.16595724e-07  -7.77885818e+00]",15.4306139,"[  7.12246690e+00   1.88219273e-01   7.54917939e+00   7.26379692e-02   1.14692721e+01   3.63330015e-05  -3.55770504e+00]",46.64426067,"[  1.68371046e+01  -1.13037111e+00   1.97091592e+00   1.71557029e+00   7.66113737e+00   2.54638075e-04  -5.07835048e+00]",56.15107592aviation,"[  5.84887972e+00   2.21365938e-02  -1.99090889e+00  -8.98074070e-05  -4.66065347e+00   1.37511669e-02   1.80900567e+00]",24.91161049,"[ 10.5327868    0.20301547   2.98776235   0.0721078   -0.48614823   0.01558914  -0.12662423]",33.1126657,"[ 36.1744173   -0.96702694  -0.33513096   0.17236758  10.28647932   0.35569976   0.0813625 ]",35.19675847avp,"[  5.54531812e+00  -1.74403538e-01   1.63628956e+02   1.49750890e-01   5.56315795e-01   3.71208504e-02   2.18644388e+01]",11.01265199,"[ 5.70874462  0.5299759  -1.06681245 -0.17263621 -1.64203816 -0.15082952  3.91783807]",35.60285942,"[ 13.07974988   0.22507401  -2.08838335  -0.07441109  -3.53476182   0.09057234  -2.39022694]",infbeer,"[  6.24473369e+00   4.39880175e-01  -1.10738112e+00  -2.06227914e-01  -1.02824849e+00  -3.43410682e-03   2.49851730e+00]",7.942847606,"[  7.04017747   2.58469474   0.85163541  -0.93792968   1.42179809   0.05117848  21.65907205]",7.512712097,"[ 17.87115704   2.84914896   0.295216     1.03973837   0.11558412  -0.93779942  -0.25246466]",12.90895705bicycles,"[  5.89048106e+00   9.81577113e-02   1.08791149e+00   8.45696860e-07  -7.35469262e+00  -7.60837380e-03   7.84422987e-01]",16.94391719,"[ 12.16984655   0.37470661   3.5063849    0.27465232  -0.41218941  -0.08105188  -0.49880145]",36.94255673,"[ 28.85682274   0.76902781   6.17879341  -0.03616947  -1.91039462   0.11649941  -0.93278077]",36.01842936biology,"[  5.94196388e+00   1.55997352e-01   8.42429329e-01  -1.51607488e-02   4.14530536e+00   3.17653230e-03  -1.87167993e+00]",25.92746185,"[  5.92335034e+00   1.51952434e-01   2.37211728e+01   8.46642022e-02  -8.73814842e-01   1.23911050e-02   4.66002425e+00]",inf,"[  1.36564932e+01   5.72799744e-04  -4.41775720e+00   6.68759665e-04  -4.42401803e+00   3.14795446e-01   4.90287242e-01]",infbitcoin,"[ 4.71448287  0.15686124 -0.87216626  0.11103479  1.2623517  -0.023211 -0.84724853]",28.24314706,"[ 6.0298711   0.23258997 -0.31442801  0.22336523  0.11532778 -0.02167374 -1.00176201]",44.27469281,"[ 12.06510409   0.1982349   -0.77954946   0.26586194   2.50677986   0.19172188   1.65217411]",51.39344401blender,"[ 4.52651263  0.07779086 -1.34492199 -0.01783512 -1.63454329  0.0419701  0.16953477]",29.7231654,"[  6.46452931   0.18802313  14.91138192   0.07447947  -0.92550685   0.02450495   4.23568291]",35.15976132,"[ 8.51864807  0.6770352   9.10764603  0.05683804  5.94454085  0.19340664 -0.5184549 ]",37.0461009boardgames,"[  5.84297628e+00  -7.00398477e-02   7.42173806e-01   1.02688648e-01   6.30574486e-01  -5.33275100e-03   1.19835063e+00]",17.11212146,"[  8.40085542e+00  -5.27681401e-01   3.35254219e-01   5.63360530e-01   4.28466376e-01  -3.48433117e-03   1.57169593e+00]",40.28212799,"[ 16.91556764  -0.44803893   1.79655804   0.06805177  -0.93831518   0.41138238  12.91944827]",78.00080862bricks,"[ 6.16666404 -1.11997646  0.77039071 -0.48254413  1.81794137  0.56499495  1.40144583]",9.336798317,"[ 4.83334117 -0.86293359  1.79625928 -2.43927629  1.21296558  2.37298524  2.13388223]",40.37054744,"[ 8.00000319  3.6220486  -0.37126764 -1.73349733  0.79288758  0.66064719  0.84371911]",26.28706431buddhism,"[  5.77205682e+00  -2.27883177e-01   2.22270020e+01   7.60138952e-02   3.91266495e-01   4.74621821e-02   1.19902434e+02]",22.94442523,"[ 14.0050039   -0.50791279  -1.15394721   0.27880976  -0.81676643   0.19737267  19.83503818]",36.57388183,"[  1.53057219e+01   4.20598050e-04  -5.48128175e+00   4.31382350e-01  -7.66518156e-01  -1.41204055e-05  -7.41593792e+00]",48.52141761chemistry,"[  4.86706985e+00   8.64142144e-02  -1.13007257e+00   1.83492508e-02   1.77992137e+00   4.48330334e-03  -1.10560129e+00]",26.00503713,"[ 5.03657561  0.1959057   3.57686813  0.08296235 -1.02084329  0.01251969 -0.67242835]",40.17168257,"[ 9.53025355  0.35754341  1.06337005  0.12763323 -1.16273993  0.09252149 -0.81614183]",41.89900205chess,"[  5.35723787e+00   1.00893600e-06  -8.17205523e+00   9.16103523e-04  -4.52745465e+00  -2.46571390e-06  -7.69144158e+00]",10.26705865,"[  7.42147711   4.88292104   1.59091899  -1.22648765  24.32882186  -0.60865283  28.42060109]",42.54388622,"[  1.67952466e+01   3.51333983e-01  -9.03495996e-01  -2.30201771e-01   2.40715692e+00  -5.42293886e-03  -3.21389106e+00]",31.91082149chinese,"[  6.00236870e+00  -4.66755664e-04  -5.18014923e+00   6.26474229e-02   1.21560186e-01   7.46129315e-06  -6.90715382e+00]",17.73566853,"[ 11.61222903   0.47406625  86.89910553  -0.12825735  22.50183499   0.10365992  20.70842202]",36.26095743,"[ 20.6922748   -0.48590694  -1.70568963   0.0862634   -1.94910401   0.40352051  -0.08251354]",49.08940382christianity,"[  4.88597154e+00   7.22635177e-02  -3.36411244e-01   6.89587015e-06  -6.55115232e+00   2.45492758e-02   2.46907286e+00]",25.75236928,"[ 9.60768005  0.74925123  6.55333005  0.13771259 -0.90258495 -0.01509656 -1.14797644]",38.54343694,"[  2.15273950e+01   4.38940007e+00   2.12042169e+00  -4.56689103e-03  -2.66791450e+00   1.17144170e-06  -8.43277587e+00]",46.07577456codegolf,"[  5.68533573e+00   4.02326543e-02  -3.46365902e-01   7.64863165e-03   1.14790395e+00   2.84924446e-04   1.36500083e+00]",17.43231183,"[  2.73683798e+01  -3.68530693e-01   2.41560388e+00   4.39289512e-08  -1.05527592e+01   1.62721138e-01   4.85043139e+00]",33.37661199,"[  1.09251144e+02   8.80525014e-02  -2.78229182e+00   3.96058338e-01   6.95013767e+01   2.38435796e-01   2.79163565e+01]",37.05711842codereview,"[  3.55996481e+00   3.50183381e-01   6.90404903e-01   1.38256557e-06  -7.76483164e+00   1.77547839e-02   2.69035947e+01]",30.98283208,"[  4.95519090e+00   3.82102547e-01   2.30042455e+01   4.50529653e-03  -3.23811953e+00   1.09449040e-01   3.52181108e+01]",33.85742575,"[  1.27330840e+01   8.18197641e-01   6.06509917e+00   1.65826812e-03  -4.36078581e+00   4.28970265e-01   2.96402174e+00]",42.25798412coffee,"[  5.49730083   0.21961324  -1.13910716  -0.05390781  49.33620744
  -0.11852648  22.50898041]",1.565167119,"[ 5.11666971  7.72266095 -0.0116127  -5.87752355  0.01348292  0.15413801
  0.43694853]",19.36667276,"[  2.31142455e+01  -3.20544850e+00  -1.92433848e+00   5.12336734e-04
  -6.11857425e+00   8.85425104e-01  -1.84117595e+00]",34.01633852cogsci,"[  5.69403132e+00   1.46805967e-01  -3.53791191e-01  -1.34798456e-02
  -1.94061222e+00  -2.11633854e-02   1.61357506e+01]",14.01151454,"[  4.41987726e+00   3.65895425e-02   1.62494093e+01   5.36855389e-02
  -1.39814288e+00   2.28386443e-02   4.86293365e+01]",inf,"[ 12.99198937  -0.86283461   0.39026261   0.44345901  -0.98008972
   0.40809209  20.39364077]",61.94253786cooking,"[ 5.60704366  0.01157199 -1.9464223   0.1311281   0.93389025 -0.0310701
  0.75558933]",26.33418241,"[ 10.86148119  -0.12803008   0.78668667   0.59587724   0.52245999
  -0.11048429   0.46970038]",34.40727287,"[  2.16707782e+01   1.70761792e+00   2.98365199e+00   1.18372881e-05
  -6.65821706e+00   2.50600479e-04  -4.43327273e+00]",42.60654441craftcms,"[  9.26749808  -0.13455864   0.25634336   0.12093969  21.28031417
   0.06153847  19.9368886 ]",31.51586565,"[  9.52041096   0.3981122   50.57910588  -0.15782951   1.058288
   0.08521674  18.92755582]",42.63560918,"[ 19.30629287   0.65040073  29.8551683   -0.13439524   1.10136581
   0.30312055  18.26265535]",55.31577282crypto,"[  6.27563467e+00  -2.50048681e-05  -4.23134609e+00   6.40315847e-04
  -3.57782759e+00   1.93377643e-02   7.83766836e+00]",22.23823246,"[ 7.51788928  0.15139257  8.24178159  0.12065528  0.67911272 -0.00907283
 -0.51100462]",40.10678611,"[  2.65303791e+01   5.67022097e-01   1.00271379e+00   4.86918388e-06
  -7.58216047e+00   2.28097539e-08  -1.00477859e+01]",49.2969059cs,"[ 5.52713183  0.19695243 -0.55241274 -0.04963346 -0.67351818  0.01322411
  2.09188925]",27.380186,"[  7.8329887    0.27397306  12.38857259   0.01734763   2.74474408
   0.01467552  -0.8065819 ]",37.0635103,"[  1.73834080e+01   1.80871053e+00   1.28153551e+01   4.82725187e-03
  -3.59168327e+00   8.20155873e-08  -9.40985741e+00]",36.15468965cstheory,"[  6.19880177e+00  -7.13224386e-02   3.01350568e+01   6.81248591e-02
   5.76467333e-01   1.05907999e-06  -5.82052729e+00]",19.95267425,"[  6.53882724e+00  -1.18678126e-01  -1.11808609e+00   3.18103169e-01
  -4.42168618e-01  -1.48781194e-03   1.98500532e+00]",inf,"[  2.82134624e+01  -7.09887090e-01  -9.93040669e-01   2.66759822e-04
  -5.27381758e+00   3.53804781e-01  -2.65890922e-01]",41.12645608datascience,"[ 5.41973341 -0.45918959  0.7899737   0.18213604  0.07811994  0.08088706
  2.74493707]",9.097183084,"[  5.89894954e+00  -7.13344437e-01  -1.09479992e+00   4.14098715e-01
  -2.97721742e-03   8.52387164e-02  -2.04145117e+00]",inf,"[ 10.41265783  -2.45244905  -0.60772462   1.21116858  -0.98050014
   0.18993609  18.16501492]",67.6072615dba,"[ 12.26298456   0.69705865  19.66446878  -0.21527185   0.76944896
   0.04513349  17.87813746]",48.58308903,"[ 18.67550383   0.62013644  14.26311438   0.16247722   8.16546625
  -0.03653723  -0.03438721]",43.93241012,"[ 33.46371937   1.98417429  79.32715204  -0.13529812   8.48691192
   0.184053    18.70742825]",55.0296116diy,"[  4.60910405e+00   2.89031423e-01  -1.70816492e-01  -5.26687752e-02
   1.80389584e+00  -1.83412967e-03   7.98294042e-01]",28.60389596,"[  9.58692415e+00   3.97230775e-01   5.30647640e-01   5.11647066e-02
  -5.33566788e-01  -2.64808521e-04  -3.30612401e+00]",33.35369138,"[ 18.44607924   0.88667697   0.23130022  -0.16207785  11.71253831
   0.25422497  32.61709289]",41.68968524drupal,"[  1.59131033e+01   5.65405319e-01   3.12962865e+01   3.53349941e-02
   1.15186896e+01  -1.44088459e-02  -1.81865580e-01]",39.02697715,"[  1.86010510e+01   3.03468894e-01   2.92357494e+01   2.99235242e-01
   2.73337808e+01   4.64210287e-05  -3.57786916e+00]",38.20361246,"[  3.09690920e+01   4.81785870e-01   8.55625199e+01   2.76972912e-02
   8.06214235e+01   4.51549867e-01   4.88502732e+01]",48.8370198dsp,"[  6.23813998e+00   1.51982747e-05  -6.24106524e+00   4.20463251e-02
   1.44162639e+00   6.40162147e-03  -3.43044004e-01]",23.98159364,"[  7.16223039  -0.04221841  -1.01755541   0.07673574  -0.68842305
   0.03714296  14.99353542]",48.22702243,"[ 19.85776495  -0.04909776  14.94490299   0.23090298   0.45294587
   0.18897743  15.99622562]",53.37894796earthscience,"[ 6.01133752 -0.14076154  0.80536416  0.18266876  0.05839976 -0.02193163
  1.2660132 ]",17.66516838,"[  5.33219928  -0.15492257   1.60873564  -0.1018573    1.59000555
   0.23882856  20.88978909]",inf,"[ 15.06345171   0.7263833   18.18489068  -1.51948015  -0.37397463
   0.72684148  -0.27097811]",99.17815396ebooks,"[ 5.50001185 -2.67376224  0.73432759  2.47139387  1.12235227 -0.11492011
  2.62659242]",3.673588775,"[ 7.99996918 -2.70881627 -0.27073641 -1.45685806  3.4025213   1.52822916
  0.25853946]",23.80971115,"[  1.39861677e+01  -6.87494011e+03   1.44671538e+04   3.40022766e+03
   1.12534967e+01   5.65170809e+02   1.65465485e+03]",110.632508economics,"[  7.27225364e+00  -8.56208566e-02   6.65774452e-01   1.27750931e-01
   1.15493017e+01  -6.92256935e-04   2.16447164e-01]",26.18522919,"[ 6.55054505 -0.15511108 -0.39361356 -0.15208505  0.96588044  0.16856896
  0.24597933]",63.77142879,"[  1.51488673e+01  -3.61501495e-01  -1.17840810e-01   5.09442502e-04
  -4.45689440e+00   4.18637881e-01   6.73049476e-01]",66.80481901electronics,"[  3.65970669   0.41261815  -0.14359389  -0.06125137  -0.18733991
   0.01956163  16.88583165]",25.69469385,"[  1.38030590e+01   8.88595753e-01   3.92679543e+00   9.97211975e-03
  -1.53306405e+00   9.39099376e-05  -4.30605758e+00]",26.35362945,"[  7.72814337e+00   2.45157330e+00   7.16088488e+00   7.55128124e-01
   2.62430547e+00   8.79284445e-04  -4.26059081e+00]",26.82133995ell,"[  3.34966648e+00   1.39881347e-01  -8.04992815e-01   7.71640488e-02
   8.33671729e+01   1.70777829e-02   1.65624826e+01]",28.44141701,"[  3.77606673e+00   2.31086685e-03  -4.02234555e+00   3.54260909e-01
   1.47429100e+00   5.27646335e-02   1.22718897e+01]",29.44285572,"[  1.08816512e+01   1.61023584e-03  -4.69726854e+00   6.42192311e-01
   1.09039638e+00   3.70379458e-01   1.03770966e+01]",31.51860047emacs,"[  8.37703916e+00   8.75995846e-02   1.58286766e+01   8.69976713e-02
   4.37258099e+01   2.44829191e-02   3.10247755e+01]",29.53066654,"[ 10.82524017   0.33460537  18.81116127   0.33089626   0.13409603
  -0.03272431  -1.01439822]",38.53291381,"[  3.16784984e+01   1.86657394e+00   2.00080630e+01   7.32730656e-03
  -2.62814776e+00  -2.92558707e-04  -4.02796275e+00]",36.53067777engineering,"[  7.39551708  -0.06100351  -0.74897353   0.0998834   -0.21738445
  -0.02942221  19.94536865]",18.73272471,"[  9.4308599    0.61407438  21.98235315   0.59002175   2.85147922
  -0.16347457  22.70771251]",16.02125709,"[ 32.30294231   4.75722626  14.04139643  -0.06235746  -1.56070495
  -0.28815475  11.21339091]",22.28112891english,"[  4.84662945e+00   3.11091233e-01   3.11321860e-02  -1.22054495e-02
   7.36606282e-02   2.77965561e-02   1.79560893e+01]",25.23954345,"[ 11.89614968   0.4811091   16.87411301   0.3676941    0.87851343
   0.03509853  19.00939732]",26.51121788,"[  1.78404561e+01   2.46515226e+00   1.06616348e+02   1.32167517e-06
  -8.22391784e+00   3.73299485e-01   1.06143245e+00]",26.49459041expatriates,"[  5.90259262  -3.98457713  22.3292263   10.05698634   1.21001948
  -3.21926982   1.17406995]",18.75957438,"[  4.9064429    0.73134115   0.73223094  12.03859002   3.50599594
  -4.4665318   23.57889167]",66.37066145,"[ 14.98516544   1.3382647    0.80510228  35.13389134   3.30299406
 -12.95051153  22.78394635]",50.65365908expressionengine,"[  9.24078852   0.08711491  18.41587942   0.12002474  29.32779787
   0.03894185  22.26191615]",39.13658545,"[ 10.71977798  -0.38746857   0.68557685   0.54719208  18.92480514
   0.14964738  35.21332916]",inf,"[  8.75956142e+00   1.01836045e-01   3.70163616e+00   1.09594653e+00
   5.40679737e+00   1.17982588e-06  -8.56433096e+00]",57.09435039fitness,"[  5.86809852  -0.09974548  17.03303773   0.17879821   0.35558382
  -0.03332722  -0.30128935]",15.5025236,"[  8.7601307   -0.13961132  15.2581048    0.70589914   1.55394599
  -0.12724829   2.04527599]",51.31752668,"[  2.04450256e+01  -1.21934237e+00   1.03795811e+01   1.23622087e+00
   1.81307091e+00   2.25606538e-07  -8.97790782e+00]",63.78136596freelancing,"[ 5.25000362  0.33303648  1.93151457  0.3477344   0.6014212  -0.87308601
  1.37095171]",2.500030686,"[ 8.00000191  0.63901762  0.62717063 -0.7210114   1.14616752  0.74624368
  0.85804773]",68.5425889,"[ 9.74999405  0.76202723 -0.27941464 -1.6817969   0.51921984  1.39999837
  0.21243106]",8.969153734french,"[  5.81278915e+00   1.67640452e-06  -8.01730921e+00   5.56671549e-02
   1.42489641e+00  -9.82269917e-05  -3.69444572e+00]",17.54936149,"[  9.72211322e+00  -4.85863266e-01   1.51683172e+00   6.14680117e-01
   6.56550226e+00   1.27497752e-06  -7.71627128e+00]",34.95132407,"[ 17.96490287   0.27814658  11.10129793  -0.36447186  -1.0125474
   0.37928019  -0.72419317]",63.4424317gamedev,"[ 5.13037459  0.19419778 -0.69512484 -0.00974714 -1.41964641  0.00953092
  1.83260641]",26.49424077,"[ 11.60227174   0.0327012    2.63694395   0.37997969   0.5566174
  -0.02004605   0.06755061]",29.16145143,"[  1.99955308e+01   6.75119162e-01   2.27260574e+01   2.54972511e-01
   5.94282322e+01   2.05797377e-01  -4.37938899e-02]",31.30329893gaming,"[  3.16604834e+00   4.74933406e-01   8.09857088e-01   3.81322292e-02
   1.43289466e+01   2.51213964e-05  -5.00466011e+00]",23.55418227,"[  5.98924595   0.326796    -0.19767116   0.49597672  12.00487174
  -0.03308989   0.76747903]",23.98982976,"[  2.30628168e+01   6.77342412e-01   2.49942133e-01   3.67331091e-06
  -6.36935013e+00   4.03800809e-01   4.28893956e+01]",30.60075207gardening,"[  5.73233700e+00   1.70553807e-02  -2.17366401e+00  -2.30237379e-06
  -7.36372212e+00   2.66833968e-02   1.55336968e-01]",18.51404028,"[  6.47687936   0.28585535   0.15953255   0.22617278   0.54299987
  -0.09003444  17.98320031]",48.16473106,"[ 12.99637428  -0.57137901   0.83268169   0.15972561  16.92256161
   0.35032109   0.25536588]",infgenealogy,"[  6.85755007  -0.38043127   1.18517957   0.4101547   23.3761277
  -0.05748093   1.61073226]",20.97909688,"[  1.17518208e+01  -2.80856077e-01  -9.58402401e-01   5.71572802e-01
   6.64736025e+00   3.31062373e-06  -7.76952722e+00]",47.77902991,"[  1.68096434e+01  -1.83121288e+00   7.51803024e-01   1.94851473e+00
   2.94162592e+00   4.22687488e-06  -7.87658034e+00]",43.57788657german,"[  5.36024629e+00   5.42280338e-02  -1.20712068e+00   4.81341684e-02
   2.40591629e+02  -2.42102707e-03  -3.65375730e-01]",20.57153128,"[ 10.2870541   -0.19422417   0.18583289   0.35960197   0.2361885
  -0.01287106   1.71596497]",40.27330978,"[  2.65301983e+01   8.54864583e-04  -4.47492301e+00  -2.66062524e-06
  -7.46228788e+00   2.29465786e-03  -3.94688937e+00]",44.24821341gis,"[ 12.58345956   0.78995873  57.98429056  -0.29139772   1.24870053
   0.08454521  19.8991953 ]",47.01087295,"[  1.51279410e+01   4.92209773e-01   3.10948674e+01   1.50832594e-01
   2.32612419e+01   8.56111002e-08  -8.63632176e+00]",40.26497878,"[ 45.64304238   2.2073749   86.71672443  -0.81696968   0.80581321
   0.36152155  65.23814705]",47.43661521graphicdesign,"[  5.53363675   0.14447953  -0.58246181  -0.03731275  -0.46130819
   0.05747245  16.9378843 ]",29.0195128,"[ 10.46099884   0.19564958   1.1558732    0.19024044   5.52986432
   0.05643148  17.36970013]",40.38411367,"[  1.86660334e+01   7.55128708e-04  -4.99290163e+00  -7.50441981e-02
  -7.93417655e-01   4.71078711e-01   1.87204630e+00]",52.10794328ham,"[  6.9444701    0.65317942   1.91870895  -1.00318434   3.88505537
   0.39033293  22.08946348]",19.24569087,"[  7.64684154   3.26438483   1.30921188  -3.78208618  22.80430189
   1.36095865  21.00092603]",38.74941286,"[ 12.77204583   4.33383798   0.20664573  -5.49823499  -0.24603837
   2.55904709  -0.24667004]",86.63453955hermeneutics,"[  5.48407856e+00  -5.86456188e-03  -2.01012975e+00   1.94184201e-03
  -3.73464537e+00   3.57962401e-02   4.09636045e+00]",15.04300728,"[  6.48488692  -0.54838216   1.87589749   0.8604534   22.09813484
  -0.06764453   1.72015939]",67.70406591,"[ 16.1705943    0.15708056  -2.05362244  -1.83192174   1.1996621
   0.69610194   1.18793561]",70.31774383hinduism,"[  6.49971311e+00   1.44157809e-05  -6.83677178e+00   1.69997692e-01
   1.91987300e+01  -1.63896085e-02  -5.38701515e-01]",27.09920413,"[  5.67445463e+00   6.22627138e-07  -8.81202121e+00   2.82580609e-01
   9.78433794e+00   6.99094214e-02   5.14604499e+00]",inf,"[  2.16345214e+01   1.24045424e-01   4.01570787e+01   1.63594240e-01
   1.97283363e+01   2.53849460e-01   2.05258507e+02]",59.10571838history,"[  5.83216277e+00  -2.52165141e-03   7.77111776e-01   8.49518809e-02
  -5.21107188e-02  -1.41966467e-02   8.22466471e-02]",16.3481688,"[  7.86414597e+00   2.81310334e-05  -5.60788414e+00   2.05474361e-01
  -1.04519355e-01  -1.32175515e-02  -8.52739129e-01]",51.54253,"[ 31.76322985  -1.22603884   5.96784401   0.12333282   8.86266604
   0.45264516   2.11195277]",44.71578032homebrew,"[  5.78891038   1.74418281  22.60803907  -0.30126689  25.42640051
  -0.15798948   1.82787641]",22.58593526,"[ 10.24649739   4.39419537  22.42443292  -0.67798835   3.3765668
  -0.30184214   3.85832361]",54.40954972,"[ 15.08087707   4.0404013   50.45375953  -0.83315616   3.05768759
  -0.10209303   3.8265815 ]",infhsm,"[  5.40087736e+00   2.72235708e-04  -4.37598857e+00  -1.22307507e-01
   2.09679146e+00   4.76743841e-02   2.23087002e+00]",8.682999021,"[  4.1277906    1.66305368  -0.0396746   -0.86584909  -0.15613082
   0.07864119  22.37779455]",19.8951552,"[ 17.40734373   5.56536193   0.21429104  -4.14252015   0.36961676
   0.58710717   4.9113904 ]",26.40759309islam,"[  5.84461258e+00   7.39122113e-02   2.98919092e-01  -6.26775819e-02
   5.69313020e+01   9.46838046e-03  -1.49125394e+00]",22.99011974,"[  6.86963038e+00  -6.95783776e-03  -2.74773309e+00  -1.15569635e-01
   1.01992013e+01   1.17640286e-01  -5.30253067e-01]",51.6595342,"[ 12.75951214   0.12280341   2.69717908  -0.72353315   1.17872039
   0.35590568  -0.38065824]",65.40788679italian,"[  4.84335385e+00   1.27235507e+00   6.97896235e+02  -6.80974610e-01
   1.63242993e+00   4.95877485e-02  -5.35019818e-01]",14.91544121,"[  9.91840862e+00   2.17025188e+00   1.02572816e+01  -9.96674056e-01
   7.35432117e+00   8.15680435e-06  -6.07688126e+00]",31.99246906,"[  2.97017340e+01  -8.32002575e+00   1.55894550e+00   4.95373228e+00
   2.99156488e+00   1.19423989e-04  -5.77310728e+00]",16.09685047japanese,"[  6.15187386e+00  -1.40490065e-02   1.13548368e+00   5.13953686e-02
  -1.13494904e-01   4.70705025e-03   9.63187461e-01]",21.35435333,"[  6.81207649e+00  -6.53065125e-02  -1.50411567e+00   2.90743973e-01
   1.38394440e-01   8.44260713e-04  -3.37624815e+00]",inf,"[  1.91160659e+01  -2.02615001e-01   4.58293768e+00   3.27167320e-06
  -4.36766070e+00   2.76240053e-01  -1.02932079e-01]",46.84921869joomla,"[  5.91221096e+00   1.05423433e-01   8.77908714e-01   4.32988448e-02
   2.92952771e+00   2.73234262e-05  -5.20444093e+00]",22.82527676,"[  7.99952808e+00  -2.73873463e-02  -2.60866554e+00   7.59254770e-04
  -4.71755069e+00   9.31670439e-02   7.13889057e-02]",41.60965429,"[ 20.01907606  -0.85425264   0.07180026   0.53296768  -0.25746513
   0.19192329   1.46552465]",47.38359204judaism,"[  5.81479004e+00   1.78478217e-01  -4.10843905e-01   1.11164184e-02
   9.83062037e-01   9.81202795e-04   1.21358436e+00]",33.82161638,"[  1.00905264e+01   2.35563680e-01   1.70775305e+01   1.96222293e-01
  -4.10007603e-01  -1.11009661e-02  -6.31147919e-01]",inf,"[ 29.37662146   0.80460238  19.34693061   0.03274804  10.47728906
   0.2758367   -0.15751803]",inflifehacks,"[ 6.58994778  0.55952671  2.0427307  -0.31742629  0.87505746  0.0972166
  0.82839501]",15.9816057,"[ 18.69746749   1.13422817  39.99850529  -0.33396766   1.12321013
   0.10107929  19.03174207]",38.21222336,"[  1.05035077e+01   4.27162680e+00   9.38796147e-01  -9.72719476e-04
  -5.33903707e+00   6.99765453e-04  -5.16030183e+00]",44.02739496linguistics,"[ 5.67531653 -0.48488092  0.12363817  0.26891184 -0.38970404  0.06005624
  7.89698973]",16.79560157,"[  4.99470805e+00  -3.32389082e-01   5.15874877e+01   6.23881120e-01
  -1.98310512e-01  -8.67836669e-03  -1.00402946e+00]",inf,"[ 24.05871735  -1.68161535  -0.80675725   1.22341983  -0.76410443
   0.30329118  -0.15045504]",41.85963455magento,"[  5.88090315e+00   6.09692995e-01   1.19285364e+01   3.06196956e-06
  -7.62522097e+00  -5.72312880e-04   5.72411272e+00]",54.46430519,"[ 10.63975232   0.25775822  26.59063782   0.35732028  25.85346335
   0.04785216  20.57498488]",55.41071975,"[  1.82552057e+01   7.62686659e-01   2.19886279e+01   3.56998555e-06
  -8.17487652e+00   3.32822680e-01   1.37756258e+01]",71.05822407martialarts,[ 5.  1.  1.  1.  1.  1.  1.],0,[ 9.49999964  1.          1.          1.          1.          1.          1.        ],1.507936452,[ 19.49999972   1.           1.           1.           1.           1.           1.        ],25.83525308matheducators,"[  6.02585665e+00  -2.18190869e-04  -4.71911197e+00   3.61466870e-02
  -1.66019308e+00  -1.08391394e-02  -1.61767829e+00]",17.18763574,"[ 16.20164548   1.08988834   1.38731595  -0.1666042    2.17758292
   0.11055238  19.39124894]",42.5061893,"[  4.37977116e+01   1.51738561e+00   8.29188857e+00  -3.04615186e-03
  -3.40611142e+00   4.40291635e-01   2.72741478e+01]",32.8602014mathematica,"[  5.69204827   0.27708084  -0.48267637  -0.06217342  -0.68706853
   0.02975439  18.12804752]",30.79039045,"[  1.22709375e+01   3.86354690e-01   1.38925173e+01   1.73723414e-04
  -4.91945899e+00   4.01771092e-02   1.95227692e+00]",27.32671962,"[  1.36014221e+01   1.29105319e+00   6.65241503e+00   1.12705227e-05
  -7.99305438e+00   4.07508854e-01   5.92801749e+00]",27.25140986mechanics,"[  5.92106805e+00  -1.13796327e-02   5.67400002e+00   6.74825853e-02
   2.09901086e+00   6.00196800e-07  -7.51734240e+00]",18.10612824,"[  7.86178041e+00  -3.18643596e-01   1.81585734e+00   3.67607497e-01
   5.37369896e+01   3.12586462e-02   1.56548976e+01]",54.45468923,"[ 12.22009796   0.49230553   0.02546485   0.11324126   0.63947103
   0.04453351  17.18455988]",infmoney,"[  5.66619059e+00   7.08895017e-02  -9.07813160e-01   4.35267325e-02
   8.76861235e+02   3.16446924e-03   1.67369724e+01]",25.49419027,"[ 10.30756857  -0.06698852  -1.56469247   0.32053913  -0.39009682
  -0.01929322  -0.70377425]",43.15982784,"[  2.16781966e+01  -4.04875410e-02  -2.77230066e+00   6.67504522e-06
  -7.62068637e+00   2.96235940e-01  -2.15852665e-01]",47.46009535movies,"[  5.84846378e+00   5.48256599e-02  -1.49099579e+00  -2.84604564e-03
  -2.73790415e+00   1.38063783e-02   1.70136724e+01]",25.50906575,"[ 7.78529683  0.03700057 -1.21439149  0.08101349  0.04304004  0.03240594
  5.20556158]",38.90165646,"[  1.38249157e+01   2.92501859e-02  -2.89389917e+00   2.05252337e-07
  -7.43428709e+00   3.17948325e-01   3.93034219e+00]",53.69658094music,"[ 6.14734185  0.01925292  0.45569531  0.07999572  0.88372954 -0.01362553
  2.26447975]",21.9349887,"[ 13.3262117    0.21569645   9.24323629   0.22760309   0.68392251
  -0.02343598   2.90005861]",36.35864656,"[ 22.94424727   1.08172135  12.16840312  -0.03778929  -1.78510757
   0.14134861  -0.86102718]",50.94115355networkengineering,"[ 6.03073818  0.00761223 -1.87952579  0.17812017  3.2505008  -0.03456067
  7.07779825]",21.30632974,"[ 7.21423949 -0.36493971  0.03545504  0.64671458  0.42845165 -0.05081772
  0.86403566]",43.63354422,"[ 20.66965015  -0.57821178  -0.55049589   0.35541475  -0.6902784
   0.23596032   4.17684883]",47.02338029opendata,"[  6.38549472e+00  -2.37845164e-01   1.84995425e+01   1.17524231e-01
   2.09091899e+01   5.87339704e-03  -1.24461371e+00]",18.45498664,"[  5.13290786e+00  -8.20656129e-06  -8.91805056e+00   1.00947588e-04
  -7.10624483e+00   4.25039092e-01   7.10047415e+00]",44.22103829,"[  11.26102268   -1.02967425    2.84583272    1.32309586  137.99577325
   -0.29158696   22.66083241]",57.18238126outdoors,"[  5.55573433e+00   4.24715611e-01   1.97962104e+00   3.77951578e-05
  -4.98189611e+00  -5.06408888e-02   1.54276433e+01]",10.06180193,"[ 8.47633342  4.27014016  1.46130517  0.19999178  0.75638606 -0.55803209
  1.39339528]",42.70602754,"[ 20.73759506   2.5910367    2.51854307   2.47789352   1.92934266
  -1.45935922  24.34004318]",71.77372557parenting,"[  5.76135104  -0.17785036   3.084486     0.11401071  21.20501342
  -0.03132016  21.14765748]",13.81081375,"[ 11.64604289   0.21802     -2.08614336   0.55372211   1.72557848
  -0.24455591  -0.25901288]",43.4901648,"[ 20.35731982   0.67048748  -1.86599698  -0.07419389  -2.73179797
   0.04323677  -2.39449438]",77.47498209patents,"[ 5.39808229  0.15085493  3.90482328  0.06283591  0.6707695  -0.12617782
  1.15400025]",8.853894916,"[  8.00716243e+00   1.89989829e+00  -1.70041933e-02   1.75324689e+00
   2.40525052e+01  -2.78485589e+00   1.65193748e+00]",inf,"[  6.54535791   2.08464514   0.19708779   0.83413484  22.54565243
  -1.52724089   1.77209022]",infpets,"[  5.88344387e+00   2.16605060e-06  -7.64697785e+00  -3.17865573e-02
   5.92809564e+00  -2.37692559e-03  -8.98682535e-01]",15.29754738,"[  6.80485585  -0.24193095  33.01116031   0.06672494  16.096787
   0.11020452   0.17683552]",inf,"[  1.75364100e+01  -3.20772447e-02  -3.12299021e+00   7.53596545e-04
  -5.36193043e+00   1.85553539e-01   1.03736687e+01]",65.51899914philosophy,"[  6.11439872e+00  -1.18002132e-01   9.76661268e+01   3.61491478e-02
   1.44955812e+00   5.57503138e-03  -8.06670296e-01]",19.24200214,"[  9.67200119e+00  -1.57667040e-01   6.11461394e-01   2.86551441e-01
   4.52805335e-03  -3.58007544e-03   2.14658574e+00]",44.03276117,"[  3.13595817e+01  -2.04303903e+00   9.97671966e+00   1.77177785e+00
   1.38686224e+00   5.66498567e-04  -4.44474757e+00]",49.75322619photo,"[  6.98919508e+00   1.90361339e-02  -1.17631888e+00   3.53336368e-02
   3.09350776e+00  -1.45219025e-03   1.56988320e+00]",26.61227553,"[ 14.76994175  -0.23481042  -1.10349195   0.24686586  -0.50875189
   0.02883305  15.77184454]",33.65584765,"[  1.79747768e+01   2.22069372e+00   9.34687082e+00  -1.33593473e-07
  -9.28005929e+00   1.01626530e-02  -2.77336686e+00]",37.3493946physics,"[ -2.79705475e-01   3.27484053e-01  -7.18446445e-02   2.84994275e-06
  -7.37292622e+00   1.27509063e-02   7.32521654e+00]",22.97538261,"[  6.62714202e+00   4.00821460e-01   1.62340511e+01   1.43193400e-01
  -7.40662863e-01   1.46411957e-02   2.14035073e+01]",21.13264684,"[  9.7405722    1.13780127  39.54056469   0.2705083   48.11666321
   0.27100385  -0.07007368]",21.49064842pm,"[  5.51846873   0.29587672   0.22521002  -0.03564659  19.74435985
  -0.03139102   0.80251476]",13.50348685,"[  1.30352224e+01  -1.17815562e+00   2.09808913e+02   6.67999664e-01
  -2.64670060e-04  -1.69236143e-01   1.97190084e+01]",46.02936865,"[ 13.99716468   0.32971181  18.90117353   0.54705205  -0.95491567
  -0.31655976  -1.29299528]",infpoker,[ 5.  1.  1.  1.  1.  1.  1.],0,[ 4.  1.  1.  1.  1.  1.  1.],19.04761905,[ 7.50000007  1.          1.          1.          1.          1.          1.        ],5.952381005politics,"[  5.84572333   0.2060505   22.14096177  -0.53820342   1.78450652
   0.10321351   0.82990218]",11.94294653,"[  7.01327855   0.7542127   22.36075529   0.43068633   2.19586843
  -0.09654458  26.98138438]",64.87165861,"[ 29.59011741   5.04692636   4.23692614   1.58009857   0.48960193
  -0.44708823   0.87990681]",34.11063877productivity,"[ 5.66666613  0.68567648  1.26079172 -1.32298848  0.68889929  0.83995917
  0.58612371]",9.13628655,"[ 9.61904808 -1.42191537 -0.79361945 -0.49331267  0.44808555  1.31903054
 -0.13588274]",21.73081576,"[ 9.85711612 -1.44186387 -0.34196352  0.24363108  1.57237626  1.04477084
  0.65453503]",51.78037271programmers,"[  6.96710314e+00   3.19671441e-01   1.19166139e+00  -1.33044884e-04
  -3.02073228e+00   2.41624044e-02   5.02128384e+00]",30.49910061,"[  2.57542799e+01  -7.97791762e-01   7.58387992e+00   7.42689207e-01
   2.56601344e+00   6.37236286e-06  -5.97125771e+00]",35.89216961,"[  7.95139015e+01   3.38663326e-01   1.35467108e+02   7.93480265e-01
   5.13691066e+01   2.49912016e-01   2.59797433e+02]",33.7954985puzzling,"[  6.20582214e+00  -2.16727242e-01   3.47481606e+01   2.22048319e-01
   2.25626396e+00  -4.23359193e-03   2.23799469e+00]",31.51046656,"[ 12.96540607  -0.55699834   3.92678187   0.8255943    2.96153105
  -0.02104333   4.99044225]",42.02725876,"[ 56.42295003  -4.03139587   0.33985174   2.56492811  12.27718505
   0.17037439  -0.67707142]",42.80396284quant,"[  6.01499457  -0.07796924   2.80691486   0.23656834  14.99632209
  -0.03706405   4.80415164]",16.54929889,"[ 6.34459133 -0.41087559  0.22745572  0.62724233  0.93064461 -0.01074668
  1.92639814]",inf,"[  1.45467947e+01  -2.58978302e-02  -3.10197395e+00   6.81163850e-01
   4.75431593e+00   3.97770049e-04  -5.16285776e+00]",67.79817126raspberrypi,"[ 5.92661437  0.10952377 -0.49590219 -0.02471223  0.28625238  0.01523973
  3.55225165]",25.26708718,"[  8.21249055e+00   2.52188233e-04  -4.14527711e+00   1.03424759e-01
   5.39526132e-01   2.62102370e-02   1.04214443e+01]",42.63043184,"[  1.83416551e+01   1.16213660e-04  -5.63639981e+00  -6.73498584e-02
  -1.06347951e+00   2.20047321e-01   1.48305041e-01]",43.90007307reverseengineering,"[ 5.40996422 -0.08021957  1.84330595 -0.06792914  1.68571462  0.07552886
  0.59653499]",11.40207911,"[  6.17977073  -0.43456534   1.27474664   0.25874609  -0.57185301
   0.09262866  19.72801473]",42.00526977,"[  1.43571205e+01  -7.02577357e-01  -1.49881631e+00   6.43461915e-01
  -1.00348936e+00   2.47561923e-04  -5.37135278e+00]",44.69618985robotics,"[  5.35570087e+00  -1.32233077e-01   3.52460585e+00   1.32482751e-07
  -9.10114972e+00   9.08057907e-02   2.67205182e+01]",7.375428627,"[    4.50387638 -2352.84266612    10.5201145   2963.52388239    11.47231302
 -1524.95471071  1770.7485366 ]",inf,"[    8.38113625 -5703.33471934   220.35611086  7183.61898173    12.06797524
 -3697.40122487    11.92181722]",78.72486437rpg,"[  5.39111727e+00   8.47479542e-02  -1.04412631e+00  -8.54058562e-03
  -8.04465845e-01   2.86394632e-02   1.31038123e+01]",27.44545504,"[  1.32615155e+01   4.47630938e-03  -3.46854665e+00   3.08781389e-01
   3.67561010e-01  -1.37682841e-02  -1.43288115e+00]",36.77523543,"[  2.21607718e+01   3.02585262e-03  -4.57035172e+00  -1.28131865e-03
  -3.87235179e+00   4.74047638e-01   8.66173582e+00]",39.12413971russian,"[ 5.37501067  0.46892932 -0.96503802 -0.7978489   0.60804582  0.15722307
  1.52658135]",5.018511551,"[ 8.99999509 -2.00156746  1.2914322  -5.36135022  1.23704134  1.6428516
  0.05449335]",10.79641142,"[ 19.87399662  -0.62157218  -3.83300187  -3.95315365   0.46269634
   0.8750472   -2.38696314]",39.45219621salesforce,"[  7.25060600e+00   8.25464726e-01   1.32472980e+01  -1.17144769e-01
  -6.01200225e-01   3.52509528e-05  -5.91646143e+00]",55.12545506,"[ 21.63385905   0.92083279  28.26687267   0.073953    15.18299688
  -0.10011746   0.43405982]",48.97035147,"[  3.76460828e+01   1.91323455e+00   5.77951371e+01  -2.10673190e-01
   3.81260053e+01   2.62289772e-02   1.39423882e+01]",71.34292146scicomp,"[  5.66011444e+00   8.88625920e-03  -2.36560635e+00  -1.29931804e-02
   2.39816848e+00   1.01462892e-03   1.39848170e+00]",15.22190052,"[ 6.32886003 -0.23395735 -0.13745069  0.10994937 -1.18520821  0.03663902
  6.20217987]",52.5412266,"[ 17.11666948  -0.58938673   0.17273381   0.0531698   -1.87095588
   0.32687591   0.35027289]",54.91563043scifi,"[  4.70798568e+00   8.96783718e-02  -9.55380106e-01   7.33052751e-02
   3.86951787e+01   1.59032955e-02   1.79775935e+01]",31.97403731,"[  9.61747513e+00   2.38241509e-01   2.12158182e-01   3.48799337e-01
   7.48700241e+01   1.51185698e-06  -7.07176018e+00]",30.20305676,"[ 16.52836884   0.70430494   9.11767555   0.23624289  10.09517197
   0.47551661   1.0102341 ]",37.01032991security,"[  6.00203757   0.28638338  -0.32202098  -0.05801222  -0.60808867
   0.04316346  16.67099802]",31.96923097,"[  1.56458852e+01   4.27681365e-01   1.29924385e+03   1.61763116e-01
   1.82736246e+01   4.71382426e-02   1.39038306e+03]",35.0256638,"[ 28.1362385    1.49442044  11.94041654  -0.08591235   7.97698563
   0.34011689  13.83538894]",41.31361127sharepoint,"[ 16.35266937   0.69033573  37.69886927  -0.30664741   0.9883214
   0.1330308   19.3448748 ]",66.84215888,"[  2.02985618e+01   4.52603816e-01   2.03236998e+01   3.05123392e-01
   2.68512014e+01  -5.17115132e-02   2.60061537e-02]",64.48414923,"[ 25.82517344   0.86241512  51.20616155  -0.24047774  29.89992713
   0.39229081  40.82214415]",95.80193435skeptics,"[  5.68656693e+00   4.13676966e-02  -1.03744684e+00   7.86610593e-02
   3.37760992e+01   4.05954949e-03   1.12460524e+01]",21.24462352,"[  4.63123503e+00   1.58835147e-01   1.73540267e+01   2.75514541e-01
  -1.69922849e-01  -7.69042628e-03  -4.77034304e-01]",inf,"[  1.24667742e+01   4.85427958e+00  -1.31239646e-02  -6.18119961e-01
  -1.06672372e+00   2.65035873e-05  -6.56594669e+00]",42.36775258softwarerecs,"[  8.54459754e+00   6.93001894e-02   1.74155371e+01   4.32680731e-02
   1.16676931e+01   3.86473010e-02   4.60858770e+01]",32.56027396,"[  6.55948111e+00   9.73422917e-02   1.11721169e+02   1.23547443e-01
  -2.20171695e-01   1.65961192e-02   1.52222539e+01]",44.67200624,"[  1.75602696e+01   2.62265708e-04  -4.96311478e+00   6.10822810e-02
   1.53368086e-01   3.12014815e-01   3.95709401e+00]",44.20720156sound,"[  6.06105487e+00   4.36101783e-02   2.97277977e+01   3.17014619e-02
   1.86188425e+01  -2.74363753e-02   3.72775899e+00]",15.58918287,"[ 14.96905608  -0.28512431  -1.77902848   0.0664372   -2.18050645
   0.1939327    4.29793779]",inf,"[  1.49641439e+01  -2.01855015e-02  -3.17164993e+00   2.74160813e-01
  -2.79605973e-01   6.94968091e-04  -4.68137482e+00]",65.37962641space,"[ 6.0174911   0.14368458 -0.18285677 -0.12455829  0.45267083  0.03899262
  2.79632837]",17.81210206,"[ 7.57552592  0.11894737 -0.42767181 -0.04243381  1.02969664  0.05127762
  1.84005499]",inf,"[  2.00491572e+01   2.98753523e-04  -5.80342240e+00  -4.20255363e-01
   6.72040347e-02   5.59372463e-01   2.56386414e+00]",55.14671941spanish,"[  6.06540607   0.32146627   0.62030394  -0.25735203   1.46858361
   0.08936057  21.69467942]",21.70555311,"[  10.62422216    0.23110822   18.18976858   -0.24919825   65.0203712
    0.18865961  105.56811698]",38.96403368,"[ 18.34393393  -0.48327788  -1.48035535  -0.02074635  -1.61594045
   0.37460621  -0.80907372]",67.83230187sports,"[  5.74697041e+00  -3.74785219e-01   1.55718005e+00   3.88981093e-01
   1.32820463e+02   2.56654350e-06  -6.69486185e+00]",14.84586301,"[  6.30875321e+00  -3.95002475e-01  -1.41530845e-01   3.93457347e-05
  -6.69496672e+00   1.95150198e-01   1.32060487e+00]",50.51054937,"[  1.41973456e+01  -3.48350570e-01  -1.32640509e+00   1.17961130e+00
   1.23410392e+01   3.17076452e-05  -6.88210389e+00]",infsqa,"[ 5.71605166  0.20327144 -0.19383567  0.04799904  0.76846375 -0.07489231
  0.51553743]",15.20157443,"[  7.99306055   0.70343696  20.75566397   0.40618543  -0.6087891
  -0.27657795   0.50741551]",50.23034763,"[ 12.86008809  -0.58284886  -0.53501178   0.59916702  16.52861875
   0.11512593  -1.38764255]",74.68793745stats,"[  6.43102315   0.66554351   0.99378015  -0.12809114   0.22132743
   0.02164761  20.86629465]",29.72695147,"[  1.49217139e+01   3.77144499e-01   3.72065714e+01   1.40677363e-01
   1.52962002e+01   1.29791193e-02   8.29605432e+01]",27.48656924,"[  3.34096122e+01   1.59596538e+00   6.47565628e+01  -5.26846414e-02
   2.93499579e+01   3.38008569e-01   4.02515371e+01]",29.63132895sustainability,"[  6.00000323   3.32391537   0.335672     6.62640945  10.03302814
  -2.28034157   1.31767251]",3.11689518,"[ 5.50032567  0.88517546 -1.6101198   3.19965653  9.97412613 -0.06787856
 -2.4458228 ]",5.35787692,"[ 16.50000685   2.84764083   1.4100563    4.6248877    2.32398789
  -0.99570872  10.21447452]",4.038471279tex,"[ -1.15437160e+00   5.46273621e-01   1.20541288e+00   3.19301343e-05
  -5.95514406e+00   1.56153016e-02   6.40611250e+00]",21.41601641,"[  7.91900230e+00   3.99883685e-01   1.05095516e+01   1.75137714e-01
  -4.40652068e-01   3.18555790e-06  -5.94076089e+00]",18.72656123,"[  5.22809062e+00   2.46006016e+00   1.86076637e+01   6.51457683e-01
   9.88495672e+00   3.29877907e-04  -5.04820440e+00]",20.10089315tor,"[  5.92865924e+00  -9.32012194e-02   2.90926570e-01   1.26727027e-01
   7.38059472e+00   3.16237993e-05  -5.25939569e+00]",13.72717852,"[  3.5760991    0.10915681  -1.402986     0.29794527   0.41449175
  -0.17094409  20.5970996 ]",57.32142906,"[ 5.75261474 -0.35745631  2.45159263  0.91972274  0.01202599 -0.21839194
  1.11365342]",92.42593214travel,"[  5.32359450e+00   2.05806561e-02  -2.11857279e+00   1.66423262e-02
   4.78876533e+01   2.51057907e-02   1.66665667e+02]",27.88597248,"[  9.46408194e+00   3.76659778e-01   4.04247102e+01   1.42888085e-01
   2.54816808e+01   3.98805184e-06  -6.41482279e+00]",38.53311455,"[  1.70939846e+01   7.96145710e-03  -3.80012092e+00   2.07190002e-01
   2.23224272e+00   3.88669990e-01   9.64260117e+00]",46.75367134tridion,"[ 6.71752581 -0.04101264 -0.79572862  0.07240863 -0.50409312 -0.00930775
 -0.79734617]",20.14436425,"[  9.95316606  -0.09377667  -1.51355103   0.04996861  -1.80785215
   0.0691589   24.56572507]",36.66303791,"[  1.93951016e+01  -1.29842675e-02  -2.35303169e+00   5.89735439e-05
  -6.23055634e+00   2.32475809e-01   1.17845023e+00]",39.20840078unix,"[  6.26062577   0.26953758  -0.43239617  -0.05022167  -0.75542271
   0.07500964  19.23114507]",26.6208655,"[  1.51807585e+01   4.37258366e-01   1.46332848e+01   3.34400376e-01
   1.79448336e+01   4.93020488e-07  -8.06485298e+00]",27.02571129,"[  6.98134369e+00   6.27255438e-06  -8.42687830e+00   3.79857736e-01
   1.00663825e+01   5.27776092e-01   5.74175218e+00]",30.0021876ux,"[  7.43606000e+00   2.83844869e-01   3.06653116e+00   5.52707162e-03
   4.05863571e+00   4.60778067e-04  -2.05257775e+00]",34.9531254,"[  2.00863747e+01   2.92714422e-01   7.82594142e+01   2.88751052e-01
   3.81186915e+01  -2.99094401e-03   5.48948895e+01]",37.04341894,"[  3.16769862e+01   7.56269766e-01   4.68201955e+00   2.08568866e-05
  -6.58669469e+00   3.28586658e-01   9.49905144e+00]",45.06656008webapps,"[  6.11220078e+00   6.13854811e-04  -3.99928957e+00   1.38312597e-01
   5.14868783e+00   3.67169524e-02   1.27816268e+00]",30.16764342,"[  5.94889719e+00  -5.90915294e-02   4.33809746e-01   4.58936627e-01
   7.67778745e-01  -4.40958427e-04   1.12401309e+00]",44.4198242,"[  6.61096353e+00   3.45269224e-01   3.13685824e+01   5.10493431e-01
   3.97391827e+02   2.76789638e-05  -6.36997053e+00]",56.33765371webmasters,"[  9.18788269e+00   1.83882799e-01   1.71803948e+01  -8.43065973e-03
  -7.64323503e-01   2.25777043e-02   2.09024419e+01]",32.3283704,"[  1.29165020e+01  -3.00739012e-04   3.03202678e+00   3.58693507e-01
   6.79381289e-01  -3.76305582e-02  -5.74294062e-01]",39.10433804,"[  1.92022800e+01   5.77169742e-01   8.07347189e+00   2.89460258e-01
   4.50482833e+00   5.63870646e-04  -3.81413575e+00]",47.29549549windowsphone,"[  6.16223     -0.21117294  -0.33074083   0.05637907  16.1473698
   0.05363547  -0.9895563 ]",17.6005568,"[  5.31182916  -0.03548039   0.50366845   0.52385959  23.69698127
  -0.10353569  19.15510849]",49.90854445,"[ 11.16486608  -0.53076968   0.40579989   0.16651139  20.16636662
   0.30067224  -0.71123427]",59.66661942wordpress,"[  6.96339454e+00   5.12311547e-01   3.06948174e+01   9.38446976e-07
  -8.03944988e+00   4.10232434e-02   3.04520705e+00]",28.62416714,"[  1.93900536e+01   5.82221512e-01   1.27899316e+01   7.62060791e-05
  -6.08058076e+00  -3.58646968e-03  -2.55735033e+00]",27.96677764,"[ 33.63159309   1.1117267   64.74129798  -0.15464777  40.29301052
   0.42516385  18.01573622]",32.06406833workplace,"[  5.76486039e+00   1.30711750e-02  -2.24669940e+00  -6.34305140e-03
   7.65707515e+00   2.26020379e-02   1.20439779e+01]",24.9013693,"[  1.76046484e+01  -1.61170014e-06  -8.65661272e+00   1.17819932e-05
  -7.12973569e+00   1.12656629e-01   1.94000443e+01]",39.64536974,"[  2.10376888e+01   5.46045742e+00   2.74352158e+00   9.25065875e-03
   3.65946374e+00   1.60650695e-07  -9.67231500e+00]",43.67678909